product_id,product_name,aisle_id,department_id
1,Chocolate Sandwich Cookies,61,19
2,All-Seasons Salt,104,13
3,Robust Golden Unsweetened Oolong Tea,94,7
4,Smart Ones Classic Favorites Mini Rigatoni With Vodka Cream Sauce,38,1
5,Green Chile Anytime Sauce,5,13
6,Dry Nose Oil,11,11
7,Pure Coconut Water With Orange,98,7
8,Cut Russet Potatoes Steam N' Mash,116,1
9,Light Strawberry Blueberry Yogurt,120,16
10,Sparkling Orange Juice & Prickly Pear Beverage,115,7
11,Peach Mango Juice,31,7
12,Chocolate Fudge Layer Cake,119,1
13,Saline Nasal Mist,11,11
14,Fresh Scent Dishwasher Cleaner,74,17
15,Overnight Diapers Size 6,56,18
16,Mint Chocolate Flavored Syrup,103,19
17,Rendered Duck Fat,35,12
18,Pizza for One Suprema  Frozen Pizza,79,1
19,Gluten Free Quinoa Three Cheese & Mushroom Blend,63,9
20,Pomegranate Cranberry & Aloe Vera Enrich Drink,98,7
21,Small & Medium Dental Dog Treats,40,8
22,Fresh Breath Oral Rinse Mild Mint,20,11
23,Organic Turkey Burgers,49,12
24,Tri-Vi-SolÂ® Vitamins A-C-and D Supplement Drops for Infants,47,11
25,Salted Caramel Lean Protein & Fiber Bar,3,19
26,Fancy Feast Trout Feast Flaked Wet Cat Food,41,8
27,Complete Spring Water Foaming Antibacterial Hand Wash,127,11
28,Wheat Chex Cereal,121,14
29,Fresh Cut Golden Sweet No Salt Added Whole Kernel Corn,81,15
30,"Three Cheese Ziti, Marinara with Meatballs",38,1
31,White Pearl Onions,123,4
32,Nacho Cheese White Bean Chips,107,19
33,Organic Spaghetti Style Pasta,131,9
34,Peanut Butter Cereal,121,14
35,Italian Herb Porcini Mushrooms Chicken Sausage,106,12
36,Traditional Lasagna with Meat Sauce Savory Italian Recipes,38,1
37,Noodle Soup Mix With Chicken Broth,69,15
38,Ultra Antibacterial Dish Liquid,100,21
39,Daily Tangerine Citrus Flavored Beverage,64,7
40,Beef Hot Links Beef Smoked Sausage With Chile Peppers,106,12
41,Organic Sourdough Einkorn Crackers Rosemary,78,19
42,Biotin 1000 mcg,47,11
43,Organic Clementines,123,4
44,Sparkling Raspberry Seltzer,115,7
45,European Cucumber,83,4
46,Raisin Cinnamon Bagels 5 count,58,1
47,Onion Flavor Organic Roasted Seaweed Snack,66,6
48,"School Glue, Washable, No Run",87,17
49,Vegetarian Grain Meat Sausages Italian - 4 CT,14,20
50,Pumpkin Muffin Mix,105,13
51,Sa Extra Hold Mousse Hair Styling,22,11
52,Mirabelle Brut Rose,134,5
53,Whole Leaf Pure Aloe With Lemon Juice,98,7
54,24/7 Performance Cat Litter,41,8
55,Lasting Color Shampoo,22,11
56,Healthy Pop Butter Popcorn,23,19
57,Flat Toothpicks,111,17
58,Whole Wheat Tortillas,128,3
59,Medium Taqueria Style Chipotle Salsa,50,19
60,Cheesy Creations Roasted Garlic Parmesan Sauce,9,9
61,Ramen Noodles Soup Chicken Mushroom Flavor,69,15
62,Premium Deli Oven Roasted Turkey Breast,96,20
63,Banana & Sweet Potato Organic Teething Wafers,92,18
64,Autumn Vegetable & Turkey Dinner with Lil' Bits Purees Dinner,92,18
65,Organic Red Wine & Olive Oil Dressing Organic,89,13
66,European Style Spring Mix,123,4
67,"Jelly, Blackberry",88,13
68,"Pancake Mix, Buttermilk",130,14
69,Vanilla with Almond Milk Iced Coffee,26,7
70,Sweet Cooking Rice Seasoning,66,6
71,Ultra 7 Inch Polypropylene Traditional Plates,111,17
72,Organic Honeycrisp Apples,100,21
73,Jasmine Tea Unfiltered Ginger Ale,77,7
74,Artisan Chick'n & Apple Sausage,14,20
75,"Hemp Protein, Organic",65,11
76,Spinach Basil Garlic Linguini,12,9
77,Coconut Chocolate Chip Energy Bar,3,19
78,Nutter Butter Cookie Bites Go-Pak,61,19
79,Wild Albacore Tuna No Salt Added,95,15
80,French  Tarragon Wine Vinegar,19,13
81,Blakes Chicken Parmesan Dinner,38,1
82,All Natural 100% Apple Juice,98,7
83,100% Whole Wheat Pita Bread,128,3
84,Lamb Shank,7,12
85,Soppressata Piccante,96,20
86,"Camilia, Single Liquid Doses",6,2
87,Classics Earl Grey Tea,94,7
88,Probiotics High Potency Capsules,47,11
89,Yogurt Fruit Dip Sliced Apples,123,4
90,Smorz Cereal,121,14
91,Kind Prenatal Once Daily,47,11
92,Meat In The Middle Large Rawhide Chews,40,8
93,Uncured Cracked Pepper Beef,23,19
94,Organic Blueberry Blitz Fruit & Veggie Smoothie Mashups,92,18
95,Organic Rice Vinegar,66,6
96,Sprinklez Confetti Fun Organic Toppings,97,13
97,Organic Chamomile Lemon Tea,94,7
98,2% Yellow American Cheese,2,16
99,Local Living Butter Lettuce,83,4
100,Peanut Butter & Strawberry Jam Sandwich,38,1
101,"Bread, Healthy Whole Grain",112,3
102,Danish Butter Cookies,61,19
103,Sprouted Kale Cracker,78,19
104,High Fiber Tomato Basil Soup,69,15
105,"Easy Grab 9\""x13\"" Oblong Glass Bakeware",10,17
106,Organic Yummy Tummy Maple & Brown Sugar Instant Oatmeal,92,18
107,Mild Salsa Divino,51,13
108,Organic Sprouted Barley Bread,112,3
109,Grape Leaf Hummus Wrap,13,20
110,Uncured Turkey Bologna,100,21
111,"Fabric Softener, Geranium Scent",75,17
112,Hot Tomatillo Salsa,51,13
113,Infant's Blend Probiotic,70,11
114,Light Savory Beef Barley Vegetable Soup,69,15
115,Scooby-Doo! Fruit Flavored Snacks,50,19
116,English Muffins,93,3
117,Petit Suisse Fruit,2,16
118,Ground Turkey Chub,34,1
119,Chardonnay Paso Robles,62,5
120,Cauliflower Florettes,123,4
121,Sharp Cheddar,21,16
122,Pomegranate Molasses,29,13
123,Sherry Reserve Vinegar,19,13
124,Sun Cups Dark Chocolate,45,19
125,Herbal Armor DEET-Free Natural Insect Repellant,118,11
126,Hot & Spicy Chicken Flavor Ramen Noodles,4,9
127,Marscapone,108,16
128,Organic Wild Blueberries,116,1
129,Traditional Chicken & Orzo with Lemon Soup,69,15
130,Vanilla Milk Chocolate Almond Ice Cream Bars Multi-Pack,37,1
131,Brioche Bachelor Loaf,93,3
132,Yogurt Strawberry Pomegranate,120,16
133,Purifying Daily Detox Scrub,109,11
134,Stain Release Boost In-Wash Stain Remover Pacs,75,17
135,Dark Chocolate Ice Cream Topping,103,19
136,Simple,45,19
137,Very Vanilla Soymilk,91,16
138,Olli Napoli Salami,96,20
139,"Zita Cut, No. 118",131,9
140,Chips Onion Chipotle Garlic,107,19
141,Restaurant Style Organic Chia & Quinoa Tortilla Chips,107,19
142,Arugula Salad,123,4
143,Organic Lemons,24,4
144,Coarse Grind Garlic Powder & Parsley Blend,104,13
145,Traditional Water Crackers,78,19
146,Anti Diarrheal Caplets,70,11
147,Organic Ranch Veggie Dip,67,20
148,Nectarines,24,4
149,Wild Blueberry All Natural Fruit Spread,88,13
150,Brut RosÃ©,134,5
151,Aromatherapaes Stress Reducing Lavender & Chamomile Spa Bath,132,11
152,"3 in 1 Soap for Every Man, Cucumber & Lemon",25,11
153,"Fabric Refresher Meadows & Rain Air Freshener (1 Count, 27 oz)  Air Care",75,17
154,"Corn Dogs, Mini, Honey Crunchy Flavor",129,1
155,Artisan Ciabatta,58,1
156,Extra Spearmint Sugar-Free Gum,46,19
157,Living Organic Cilantro,16,4
158,Smoked Ham & Oven Roasted Turkey Sub Sandwich Kit,96,20
159,"Calcium Adult Gummy Vitamins, Orange Cherry & Strawberry",47,11
160,100% Recycled Aluminum Foil,97,13
161,Hacho Miso Aged & Fermented Soybeans,66,6
162,Organic Mini Homestyle Waffles,52,1
163,Dressing Bleu Cheese,89,13
164,Peanut Butter Cacao Quinoa Clusters,3,19
165,Wild Chanterelle Mushroom Ravioli,12,9
166,Garlic Parmesan Pita Bread Chips,107,19
167,Sparkling Blush Grape Juice,77,7
168,Halves & Pieces Walnuts,17,13
169,Extra Sharp Cheddar Cheese,21,16
170,Single Herbs Ginkgo Leaf Dietary Supplement,47,11
171,Steakhouse Onion Burger with Garlic Seasoning,5,13
172,Gluten Free All Natural Chocolate Chip Cookies,61,19
173,Habanero Lime Shrimp Flavor Ramen Noodle Soup,4,9
174,Vanishing Acne Treatment Cream,73,11
175,T Bone Steak,122,12
176,Original Turkey,96,20
177,Citrus Terere Yerba Mate,94,7
178,Vegan Santa Fe Style Flour Tortilla Rolled Tacos,42,1
179,Penne Rigate With Spinach,131,9
180,Simply Beyond Black Bean Tortilla Chips,107,19
181,Country Style Baked Beans,59,15
182,Acti-Fresh Body Shape Long Unscented To Go Panty Liners,126,11
183,Cookie Dough Performance Energy,3,19
184,Kisses Milk Chocolate Candy,45,19
185,Chicken Nugget Meal,38,1
186,Fresh Scent Dishwasher Detergent with Dawn,74,17
187,Wild Sardines in Marinara Sauce,95,15
188,Mild El Nino Salsa,67,20
189,Healthfull Nuts & Seeds Bread,112,3
190,Classic Culinary Low Sodium Vegetable Broth,69,15
191,Medium Spicy Butter Chicken Simmer Sauce,9,9
192,Israeli Style Gefilte Fish,33,6
193,fruitwaterÂ® Strawberry Kiwi Sparkling Water,98,7
194,Lamb Rib Chops,122,12
195,Grade A Pasteurized 2% Milkfat Lowfat Cottage Cheese with Pineapple,108,16
196,Soda,77,7
197,Cold Brew Coffee Tahitian Vanilla,26,7
198,Tzatziki Cucumber Sauce,67,20
199,Herb Thyme Clamshell,16,4
200,Radiant Pantiliners Regular Wrapped Unscented,126,11
201,Sloppy Joe,38,1
202,Spinach & Feta Pierogi,38,1
203,"Rescue Remedy, Spray",11,11
204,Free & Clear Natural Laundry Detergent For Sensitive Skin,75,17
205,Chocolate Mint Cookie Crunch Nutrition Bar,3,19
206,Roasted Vegetable SoufflÃ©,38,1
207,Minis Candy Bars,45,19
208,Vanilla Almond Cashew Almondmilk Cashewmilk Blend,91,16
209,Italian Pasta Salad,1,20
210,Homemade Hot Arrabbiata Fra Diavolo Sauce,9,9
211,Gluten Free Organic Cereal Coconut Maple Vanilla,130,14
212,Organic Blue Corn Sea Salt Tortilla Chips,107,19
213,Tapatio Salsa Picante Hot Sauce Tortilla Chips,107,19
214,Argan Oil of Morocco Renewing Weightless Healing Dry Oil Hair Oil,22,11
215,Sambal Oelek Ground Fresh Chili Paste,66,6
216,"Gluten Free Oatmeal, Variety Pack",130,14
217,"String Cheese, Mozzarella",108,16
218,"6\"" Organic Carrot Cake",8,3
219,Totz Toothbrush Extra Soft 18+ Months,82,18
220,Tegaderm Waterproof Transparent Dressing,118,11
221,Cayenne Lemonade Made With Raw Tristate Honey,31,7
222,Honey Nut Oatmeal Squares,121,14
223,Kiwi Strawberry Sparkling Water,115,7
224,Foaming Hand Soap Kid Watermelon,114,17
225,3 Seed Blue Corn Dipping Chips,107,19
226,Shaved Parmesan Cheese,21,16
227,Triple Chocolate Snack Size,45,19
228,Organic Soups Lentil,69,15
229,EcoNet Recycled Bath Sponge,109,11
230,Vanilla Cream Soda,77,7
231,Low Sodium Turkey,49,12
232,Blue Bottle Coffee Frozen Bar,37,1
233,Chinese Breakfast Black Tea,94,7
234,Tennessee Whiskey,124,5
235,Gluten Free Blueberry Muffin Mix,105,13
236,Chicken Meatballs Dog Treats,40,8
237,Brambleberry Herbal Tea,94,7
238,Alpha-Bits Multigrain Cereal,121,14
239,Chicharrones Picante Flavor Pork Rinds,107,19
240,Nature's Seasons Seasoning Blend,104,13
241,Shrimp with Pasta & Vegetables,38,1
242,Original Red Twists,45,19
243,Taco Reduced Sodium Seasoning Mix,5,13
244,Organic Roasted Garlic Pasta Sauce,9,9
245,Poppy Seed Bagels,93,3
246,Triple-Acting Laundry Stain Remover,75,17
247,Perfectly Thymed Pita Crisps Baked,107,19
248,Dried Sweetened Cranberries,117,19
249,"Pinot Grigio, California, 2010",62,5
250,"Authentic Deep Dish, Spinach & Garlic Pizza",79,1
251,Extra Strength Melatonin Adult Gummies,47,11
252,"Waffles, Red Berry",121,14
253,Organic Vegetable Greens & Greens Juice Blend,31,7
254,Honey Mustard,72,13
255,"Cold Remedy, Quick Dissolve Tablets, Cherry Flavor",11,11
256,Island Fruits Fruit Snacks,50,19
257,Key Lime Soda,77,7
258,Vegetable Pot Pie,38,1
259,Imported Italian Solid Light Tuna In Pure Olive Oil,95,15
260,Cantaloupe,24,4
261,Organic Southwestern Burrito,38,1
262,Petite Dill Pickles,110,13
263,Red Food Color,97,13
264,Non-Fat Blueberry on the Bottom Greek Yogurt,120,16
265,Glass Storage Container with Green Silicone Protection,85,17
266,Rio Berry,64,7
267,Triple Chocolate Ripple,37,1
268,Sponge Mop,114,17
269,Stuffed Crust Five Cheese Pizza,79,1
270,OneZip Storage Bags Quart Size Value Pack,85,17
271,TAI PEI      14OZ.SWEET & SOUR CHKN,38,1
272,Propolis Herbal Supplement,47,11
273,Thin Stackers Brown Rice  Salt Free,107,19
274,Snack Bags,87,17
275,Caramel Sauce,103,19
276,French Vanilla Ice Cream,37,1
277,Diet Root Beer,77,7
278,Instant Mashed Potatoes,4,9
279,Everyday Detox Dandelion Tea,94,7
280,Makeup Remover Cleansing Towelettes,73,11
281,Chai Tea Bags,94,7
282,Oh My Cod! Cod Pate and Vegetables Cat Food,40,8
283,Organic Whole Wheat Elbows,131,9
284,Organic Spicy Heirloom Marinara Sauce,9,9
285,Mini Nilla Wafers Munch Pack,61,19
286,Lite Poppy Seed Dressing Lite,89,13
287,Turkey,96,20
288,Original Sprouted Grains Protein & Fiber Hot Oatmeal,130,14
289,100% Juice No Sugar Added Fruit Punch,98,7
290,Organic Peppermint Lemonade,31,7
291,Mint Dental Floss,20,11
292,Fresh Multi-Purpose Contact Lens Solution,44,11
293,Prime Filets Chicken & Tuna Dinner in Gravy Cat Food,41,8
294,Minis Original Saltine Crackers,78,19
295,Chewables Extra Strength Cherry Creme - 48 CT,70,11
296,For Men Odor Armor Body Wash,127,11
297,"Write Bros Ball Point Pens, Cap-Pen, Medium (1.0 mm), Black Ink",100,21
298,Brisk With Lemon Iced Tea,94,7
299,Organic Apple Spinach Kale Coconut Water Superjuice,98,7
300,Organic Enriched Unbleached White Flour,17,13
301,"Biotin 10,000mcg Maximum Strength",47,11
302,Gourmet Dog Treats Bone,40,8
303,"Candy, Original",45,19
304,Dry Roasted Pistachios,117,19
305,Wild Forest Raw Neem Honey,29,13
306,Gold Potatoes,83,4
307,Precious Mozzarella Cheese,21,16
308,Advanced Haircare Color Vibrancy Nourishing Shampoo,22,11
309,Graduates Lil' Entrees Spiral Pasta In Turkey Meat Sauce With Green & Yellow Beans,92,18
310,"Crackers, Puffed, Corn, Quinoa & Sesame",78,19
311,Naturals Savory Turkey Breakfast Sausage,52,1
312,Juicing Carrots,83,4
313,Peppermint/Banana Split Variety Pack Frozen Dairy Dessert Cones,37,1
314,Extra Whitening Multi-Benefit Fluoride Toothpaste,20,11
315,Creamy Italian Dressing Marinade,89,13
316,Revive Anti-Perspirant Deodorant,80,11
317,Best Grains Honey & Crunch Oat Bread,112,3
318,Apple Cinnamon Crisp Candle,101,17
319,Steamfresh Chef's Favorites Lightly Sauced Roasted Red Potatoes & Green Beans,116,1
320,"Glycerine Soap, Pure and Natural, Cucumber",25,11
321,Echinacea Goldenseal Alcohol Free Extract,47,11
322,Brooklyn Pizza Dough,79,1
323,Natural Food Color Packets,17,13
324,Strong & Kind Roasted Jalapeno Almond Protein Bar,3,19
325,Veggie-Style Mini Corn Dogs,42,1
326,Deluxe Sauce Made with 2% Milk Cheese Macaroni & Cheese Dinner,4,9
327,"Green Peas, Organic, Petite",116,1
328,Disinfectant Spray Cherry Blossom & Pomegranate Scent,101,17
329,Organic Whole Grassmilk Milk,84,16
330,Chilpotles in Adobo Sauce,30,6
331,Organic Lemon Gingersnap,61,19
332,Raspberry Fig Bars,3,19
333,Basil Daly Bar Soap,25,11
334,Sparkling Raspberry Lemonade Water Beverage,115,7
335,Blueberry Kombucha,31,7
336,Black Currant Kombucha,31,7
337,"Soap, Pure-Castile, 18-in-1 Hemp, Lavender",25,11
338,Yahrzeit Light Memorial Candle,33,6
339,Creamline Yogurt Wild Blueberry,120,16
340,Eco-Pac Kamut Puffs Cereal,121,14
341,Cheese Creations Four Cheese Cheese Sauce,9,9
342,"Complete Health Deboned Chicken, Chicken Meal and Rice Cat Food",41,8
343,Organic Whole Peeled Baby Carrots,123,4
344,Lime Sherbet,37,1
345,Extra Strength Berry,64,7
346,Sunflower Bread,112,3
347,"Vegetable Salad Kit, Sweet Kale",123,4
348,Super Slimming Herbal Tea,94,7
349,Organic Granulated Tapioca,17,13
350,Mixed 12 Pack Lion's Share Ale,27,5
351,Go Fresh Nutrium Moisture Body Wash Blue Fig & Orange Blossom Scent,127,11
352,Colby Jack & Mild Cheddar Combo Pack,21,16
353,Tzatziki Greek Yogurt Dip,67,20
354,Twist n Loc Small Round Containers + Lids,85,17
355,Ground Flaxseed With Mixed Berries,117,19
356,Ristorante Pizza Spinaci Thin Crust Pizza,79,1
357,White Writing Gel,97,13
358,Frozen All Butter Pound Cake,119,1
359,Deli Thin-Sliced Honey Ham,96,20
360,Whole Wheat Spanakopita,129,1
361,Day and Night Multi-Symptom and Severe Cold & Cough Pain Reliever/Fever Reducer,11,11
362,Pound Cake Cake Mix,105,13
363,Water Crackers Original All Natural,78,19
364,Greener Selection Salad,123,4
365,Cheerios Cereal,121,14
366,Vitamin C 1000 Mg Tropical Drink Mix Dietary Supplement,47,11
367,Ultimate Omega 1000 mg Lemon Soft Gels,47,11
368,Fabric Softener Dryer Sheet Free & Gentle 200CT Fabric Enhancers,75,17
369,New Mexico Chili,30,6
370,Chocolate Caramel Whey Protein Bar,3,19
371,Juniper Berry Soda,77,7
372,Moisture Rich Sweet Orange & Argan Conditioner,22,11
373,Honey Glazed Carrots,116,1
374,Sliced Kosher Salami,96,20
375,Multigrain Spaghetti Style Pasta,131,9
376,Even & Bright Pink Lemon and Mandarin Orange Body Wash,127,11
377,Chunky Beef with Vegetables & Brown Rice Dog Food,40,8
378,Powerball Quantum Max Shine & Protect Automatic Dishwasher Detergent,74,17
379,Super Dry Beer,27,5
380,Clementine Bag,123,4
381,Toaster Pops Strawberry,52,1
382,Sugar Free Mint Patties,45,19
383,Breaded Chicken Breast Tenders,34,1
384,EverCurl Hydracharge Conditioner,22,11
385,Liquid Drink Mix Blackberry Lemonade,90,7
386,Real Chicken & Veggies Recipe Dog Food,40,8
387,Chocolate Brownie Flavor Protein Bar,3,19
388,Stove Top Stuffing Mix for Turkey,4,9
389,Mache Blend,123,4
390,Super Enzymes,47,11
391,Organic Yukon Gold Potato Bag,83,4
392,OPA Greek Yogurt Ranch Dressing,89,13
393,Phoenix Anti-Perspirant & Deodorant Stick Twin Pack,80,11
394,Aquaphor Healing Ointment,127,11
395,Sweet Cream Buttermilk Powder,17,13
396,Cashews Natural Unsalted,37,1
397,Pure Granulated Cane Sugar,17,13
398,Organic Hard Candy Blood Orange and Honey,45,19
399,Organic Strawberry Lemon-ade,31,7
400,Grass-Fed Yogurt Blueberry Cardamom,120,16
401,"Flat Floss, Antiplaque, Naturally Waxed, Spearmint",20,11
402,100% Pure Beef Homestyle Patties,34,1
403,Ultra Thin Pastrami,96,20
404,Reg; Organic Apple Cider Vinegar 16 Fl Oz,19,13
405,100% Organic Diced Tomatoes,81,15
406,Vanilla Almond Protein Bar,3,19
407,Almond Glow Almond Body Lotion/Massage Oil,109,11
408,Pink Vitamin C 1000 Mg Pink Lemonade Drink Mix,47,11
409,Original Bite Size Candies Natural & Artificial Flavors Fun Size,45,19
410,Holiday Sugar Plum Spice Herbal Tea,94,7
411,Super Plus Cardboard Applicator Unscented Tampons,126,11
412,Brazilian Keratin & Argan Oil Leave-In Conditioning & Styling Elixir,22,11
413,Dual Action Beta Immune and Anti-Oxidant Effervescent Citrus,11,11
414,Gluten Free Chicken Rustica Pizza,79,1
415,16 oz Cold Cups,111,17
416,Laundry Soil Stain Remover,75,17
417,Classics Baby Binks Easter Chocolate Bunny,100,21
418,Whole Grain Linguine Pasta,131,9
419,Light & Fit Strawberry Cheesecake Greek Nonfat Yogurt,120,16
420,International Cafe French Vanilla Mix,26,7
421,Garlic & Herb Fresh Goat Cheese,21,16
422,Mix-Up Flamin' Hot & Cheezy Mix Flavored Snack Mix,107,19
423,Red Jalapeno Caesar Dressing,89,13
424,Linguine Pasta,131,9
425,Sardines in Water Salt Added,33,6
426,2nd Foods Bananas,92,18
427,Italian Style Panko Breadcrumbs,5,13
428,Everyday Mega Pack Paper Plates,111,17
429,Dark Red Kidney Beans,59,15
430,Born Yesterday Pale Ale,27,5
431,"Ice Cream, Cookies & Cream",37,1
432,Vanilla Almond Breeze Almond Milk,91,16
433,Organic Whole Granulation Roasted Buckwheat Groats,107,19
434,Beach Sage Liquid Fabric Softener,75,17
435,Dark Chocolate Raisins,50,19
436,Petite Brussels Sprouts,116,1
437,Strawberry Cheesecake Nonfat Yogurt,100,21
438,Special K Vanilla Cappuccino Protein Breakfast Shakes,48,14
439,Crispy Cinnamon Pear Chips,50,19
440,Crossovers Olive Thyme Almond,100,21
441,Antioxidant Cranberry Body Wash,25,11
442,Sliced Chicken Entree Cat Food,41,8
443,Ultra Power Plus Laundry Detergent 54 loads,75,17
444,Special Recipe Italian Bread,112,3
445,Almond Honey Protein+ Bar,3,19
446,Blueberry Pomegranate AcaÃ­ Cultured Goat Milk Kefir,120,16
447,"Tea, Superflower, Hibiscus, Blueberry, Caffeine-Free, Bags",94,7
448,White Chicken Chili,59,15
449,Chips Ahoy! Chewy Cookies,61,19
450,Chow Mein Thin Noodles,4,9
451,"Almond Spread, Dark Chocolate",88,13
452,Sleepytime Sinus Soother Herbal Tea,94,7
453,Hummus Wrap,13,20
454,Sloppy Joe Sauce,51,13
455,Ibuprofen Liquid Gels,133,11
456,Sparkling Blueberry,77,7
457,Whole Wheat Fig Bar,48,14
458,Total Advanced Floss Tip Medium Toothbrush,20,11
459,Honey Vanilla Greek Yogurt,120,16
460,Acai Dragonfruit Melon Green Tea,94,7
461,Sore Throat Wild Cherry Lozenges,11,11
462,Fiber 4g Gummy Dietary Supplement,70,11
463,Salt Free Seasoning,104,13
464,Liquid Water Enhancer Peach Green Tea With Ginseng & Honey,90,7
465,100% Natural Just Peaches,50,19
466,Old Fashioned Vegetable Beef Soup,69,15
467,"Soup, Lower Sodium, Organic, Split Pea",69,15
468,Kabocha Squash,83,4
469,Whipping Cream,53,16
470,Lite Beer,27,5
471,Half 'n Half Lemonade Tea,94,7
472,Fancy Diced Hot Chilies,100,21
473,Plastic Measuring Cups,10,17
474,Lavender Body Wash,25,11
475,Organic Reposado Tequila,124,5
476,Chub Mackerel,95,15
477,Naturally Aged Cheddar Cheese Block Hot Habanero,21,16
478,Organic Pitted Kalamata Olives,110,13
479,Most Wanted Cabernet Sauvignon Red Wine,28,5
480,Slow Churned Mint Chocolate Chip Ice Cream,37,1
481,Black Peppercorns,104,13
482,"Gentle Clean Foaming Face Cleanser, 6.7 fl oz Female Skin Care",73,11
483,"\""Constant Comment\"" Decaffeinated Black Tea Blend",94,7
484,Plain Greek Goat Yogurt,120,16
485,Country Stew Choice Cuts In Gravy Dog Food,40,8
486,Lowfat Raspberry Kefir Probiotic Cultured Milk Smoothie,120,16
487,"Can/Bottle Opener, Chrome",10,17
488,Organic Orange Turmeric Juice,31,7
489,Dough for Turnover Pastries,58,1
490,Gin Gins Candy,45,19
491,Pompelmo Water,100,21
492,"Couscous, Israeli, Garlic Jalapeno",63,9
493,Pear and Blueberry Baby Breakfast,92,18
494,Yellow Cherry Tomato,83,4
495,Pure Cane Granulated W/Spout Sugar,17,13
496,Designer 9 Oz. Paper Cups,111,17
497,Mascarpone Pistachio Caramel Gelato,37,1
498,Daily Moisture Shampoo,22,11
499,Aspirin 325 Mg,133,11
500,Non-Scratch Scrub Sponges,114,17
501,Proactive Health Mature Adult Hairball Care Cat Food,41,8
502,"Frozen Desserts, Fit, Salted Caramel",37,1
503,Wild Rice Blend,68,10
504,Velveeta Shells & Cheese Bold Jalapeno,4,9
505,100% Natural String Cheese Mozzarella Cheese,21,16
506,Arrowroot Powder,6,2
507,Tikka Masala Curry Sauce,72,13
508,Freeze-Dried Edamame Veggie Snack,50,19
509,Starting Solids Carrots Organic Baby Food,92,18
510,Protein Blend Honey Oats & Seeds Cereal,121,14
511,Lecithin Granules Non-GMO,47,11
512,Multigrain Pop Cakes,107,19
513,Honey Maid Graham Cracker Crumbs,17,13
514,Freezer Safe Pint Jars Wide Mouth,85,17
515,Organic Lowfat Pomegranate Acai Kefir Probiotic Cultured Milk Smoothie,120,16
516,American Cheese Slices,21,16
517,French Rolls,43,3
518,Turkey Meatloaf & Mashed Potatoes,38,1
519,Antioxidant Infusions Brasilia Blueberry,31,7
520,Sweet & Smokey Kansas City Bbq Sauce,72,13
521,Daily Shower Cleaner Ylang Ylang,114,17
522,Coffee Liqueur,124,5
523,Biotin & Collagen Shampoo,22,11
524,in Gravy with Carrots Peas & Corn Mashed Potatoes & Meatloaf Nuggets,92,18
525,Good & Clean Gentle Acne Wash,109,11
526,Alcohol Free Maple Flavor,104,13
527,Invigorating Face Wash Men,73,11
528,Tasty Treasures Cat Food Variety Pack,41,8
529,Essentials Foaming Facial Cleanser,73,11
530,7UP,77,7
531,Adult Dog Formula Dog Food,40,8
532,Unsalted Pretzel Round,107,19
533,Stuffed Pasta Shells,38,1
534,"Tomato Paste with Basil, Oregano & Garlic Flavor",81,15
535,Rescue Remedy,6,2
536,Belgian Waffles,52,1
537,Kosher Dill Babies,110,13
538,Take Alongs Twist & Seal Liquid Storage,85,17
539,Tri Color Tortilla Strips,89,13
540,Beef Strips Portabella Complete Meals,38,1
541,with Dawn Action Pacs Fresh Scent Dishwasher Detergent Pacs,74,17
542,Medium to Firm Hold Hair Styling Foam,22,11
543,Rice & Bean Snack Chips With Adzuki Beans Chipotle Cheese,107,19
544,Classic Original Hummus,67,20
545,Creamy Danish Blue Cheese Wedge,21,16
546,Tomatillo Salsa,51,13
547,1000 Roses Floral Toner for Sensitive Skin,109,11
548,Hi-Chew Strawberry Fruit,66,6
549,Cranberry Almond Fruit Clusters Dried Cranberries,125,19
550,"Granola, Veritas, Organic",57,14
551,"Riesling, Mosel, 2014",62,5
552,Organic Mango Peach Carrot Kickstart Smoothie,116,1
553,BBQ Concentrate & Marinade Sauce,5,13
554,Turkey Chili,1,20
555,Even The Kitchen Sink Kitchen & Bath Scrubber,114,17
556,Bake & Break Cheese Garlic Loaf,100,21
557,Red Seedless Grapes Imported,24,4
558,Organic Raw Almond Butter,88,13
559,Cookie Chips Crunchy Dark Chocolate Chocolate Chip Cookies,61,19
560,Tea Temples Green Tea With Mint,94,7
561,Smoke Roasted Wild Sockeye Asian Sesame Salmon,15,12
562,Traditional Tartar Sauce,100,21
563,Pure Moringa Vegetable Powder,47,11
564,Embrace Sensitive Women's 5 Blade Disposable Razors,55,11
565,Light and Fluffy  Blueberry Pancake Mix,130,14
566,Organic Thin Sliced 100% Whole Wheat Bread,112,3
567,Malbec Red Wine,28,5
568,Artisan Style Melts Quattro Formaggi Pizza,79,1
569,Golden Cupcakes 8 Pack,61,19
570,White Chicken Chili with Beans Pouch,59,15
571,Thin & Crispy Crust Pepperoni Pizza,79,1
572,Brown Bobby Pins,22,11
573,Red Roses,87,17
574,Crunch Vanilla Sugar Mini Cookies,61,19
575,Organic Medium Yellow Thai Curry,72,13
576,Vanilla Sugar Cookies,61,19
577,Liqui-Gels Softgels Dye-Free Allergy,11,11
578,"10\"" Bamboo Skewers",10,17
579,Stain Odor Eliminator Detergent,75,17
580,Washington State Merlot,28,5
581,Garnet Sweet Potato (Yam),83,4
582,Lite Whipped Topping,119,1
583,Vanilla Incense of Auroville,101,17
584,Organic Blueberry Pomegranate Whole Milk Yogurt,120,16
585,Pretzel Thins Parmesan Herb Crackers,78,19
586,Geranium Daily Bar Soap,25,11
587,Air Effects Gain Island Fresh,101,17
588,Special K Original Cereal,121,14
589,Salsa Roja,51,13
590,Almonds Roasted and Salted,117,19
591,Oreo Cookies and Cream Chocolate Frozen Dairy Dessert,37,1
592,SpongeBob Shapes Macaroni & Cheese Dinner,4,9
593,"Linguine, No. 6",131,9
594,Gluten Free Peanut Butter Berry  Chewy With A Crunch Granola Bars,3,19
595,Injera Flat Bread,128,3
596,Dailyfoods Vitamin D-3 2000 IU,47,11
597,Chicken & Brown Rice Formula Cat Food,41,8
598,Cabernet Sauvignon California,28,5
599,Floor Care Tile & Vinyl Floor Finish Clean Scent,114,17
600,Thick & Zesty Spaghetti Sauce Mix,104,13
601,Organic Crunchy Slaw Americana Salad,123,4
602,Banana Chocolate Chip,52,1
603,NasaFlo Neti Pot Sinus Relief with Premixed,11,11
604,Cookie Sheets,10,17
605,Natural Liquid Laundry Detergent - Blue Eucalyptus and Lavender,75,17
606,Salted Caramel Ice Cream,37,1
607,Goober Strawberry,88,13
608,Sparkling Lemon Seltzer Water,115,7
609,Clarified Lime Juice,17,13
610,Mac & Cheezy Ravioli For Kids,38,1
611,Uncured Hard Salami,96,20
612,"Rice, Extra Long Grain, Enriched",63,9
613,"Infinity Always Infinity Size 2 Super Pads with Wings, Unscented, 16 ct Feminine Care",126,11
614,Plain Dairy-Free Probiotic Drinkable Cashewgurt,100,21
615,Supreme Pretzel Crackers,107,19
616,Silken Tofu,14,20
617,Organic Mozzarella,21,16
618,Apple Sparkling Juice Beverage,98,7
619,Spanish Peanuts,117,19
620,Norwegian Salmon Oil Omega-3s EPA & DHA Dietary Supplement Soft Gels 1000 mg,47,11
621,98% Fat Free Cream Of Chicken Soup,69,15
622,Fudge Brownies with English Walnuts,61,19
623,Fun Size Snacks,45,19
624,Chub Chorizo,100,21
625,"Chicken Breast Nuggets, Dinosaur Shaped",34,1
626,Organic Hearty Garden Vegetable Soup,69,15
627,Low Fat Honey Graham Crackers,61,19
628,Fresh Oj,98,7
629,Probiotics Women 50 & Wiser Vegetarian Capsules,70,11
630,Snack Size Candy,45,19
631,Original Puffcorn,107,19
632,Satin Care Sensitive Skin Shave Gel,55,11
633,Coconut Milk Creamer Barista Style Original,91,16
634,Organic California Blend,116,1
635,Little Bites Snickerdoodle Muffins,61,19
636,Red Raspberry Jam,88,13
637,Multigrain Peanut Butter Cereal,121,14
638,Won Ton Wrappers,66,6
639,Green Berry Rush Juice Drink,98,7
640,Spicy Tomato & Basil Pasta Sauce,9,9
641,Cheddar Cheese Curds,21,16
642,Three Cheese Ravioli,12,9
643,"Kidney Beans, Dark, Premium",30,6
644,Organic Southwestern Vegetable Soup,69,15
645,"Prenatal One, Tablets",47,11
646,Organic Fruit Punch,98,7
647,Melanie Medleys Vegetable Cream Cheese,53,16
648,Elbow Macaroni,131,9
649,Classic coke,77,7
650,Pop'n Hot! Vegan Broccoli Poppers,50,19
651,Organic Salted Butter,36,16
652,Garden Strawberry Fruit Spread,88,13
653,"Flax, Oat Bran & Whole Wheat Flour Tortillas",128,3
654,Ultra Thin Super Long with Wings Pads,126,11
655,Fettucine Paglia & Fieno Enriched Egg Pasta,131,9
656,Biotin Super Strength 7500 mcg Tablets,47,11
657,"Nutrition Bar, Raw Organic, Pineapple Almond + Raw Protein",3,19
658,Keebler Sandies Cashew 12.8 Oz,61,19
659,Zero Strawberry Lemon,115,7
660,Foldit Flatbreads Artisan Rosemary & Olive Oil,128,3
661,Sweet Lemon Rain Dance Bar,48,14
662,Ultra Concentrated Antibacterial Hand Soap Lemon Scent Dishwashing Liquid,74,17
663,Pico De Gallo,67,20
664,Cream Style Corn,81,15
665,Imitation Crabmeat,15,12
666,Whole Wheat Loaves,112,3
667,"Automatic Dish Packs, Lemon Verbena Scent",75,17
668,Chicken Liver PatÃ© Canned Cat Food,41,8
669,The Santa Cruz Burrito,38,1
670,"Coconut Drink, Vanilla",91,16
671,Vegan Shells & Creamy Sauce Mac & Cheese Macaroni & Cheese Organic,4,9
672,Double Berry Cheesecake,37,1
673,Chicken Base,69,15
674,Sponge Blossoms,114,17
675,"Thin Cakes, Puffed Multigrain",78,19
676,Sunset Blush,6,2
677,Peach Aloe Vera Drink,98,7
678,Original Minis Pretzel Chips,107,19
679,Awesome Strength Paper Towels,54,17
680,Acne Dote Clean 'n Treat Towellettes,109,11
681,Whole Wheat Mini Toasts,78,19
682,Cruisers Diapers Jumbo Pack - Size 5,56,18
683,Town House Sea Salt & Olive Oil Flatbread Crisps,78,19
684,Organic Elmo Vegetable Soup,69,15
685,Organic Porcini Mushroom Risotto,4,9
686,Tea Tree + Sea Buckthorn Calming Shampoo,22,11
687,Cocktail Time Hummus,67,20
688,Sausage Gravy & Biscuit,52,1
689,"Antibacterial, Pomegranate & Tangerine Hand Soap with Moisturizer",127,11
690,Vegetable Hearty Garden Soup,100,21
691,Organic Promise Strawberry Fields Cereal,121,14
692,Skirt Steak,122,12
693,Tropical Brain Toniq,64,7
694,Greek & Chia Blood Orange Yogurt,120,16
695,Diet Dr Pepper Bottles,77,7
696,Tea Tree Replenishing Shampoo,22,11
697,Quick Cooking Steel Cut Oats,130,14
698,Baby's Mineral Lotion Spf 50,25,11
699,Sugo Rosa Pasta Sauce,9,9
700,Jet Fuel Dark Roast Whole Bean Coffee,26,7
701,Blueberry Blast Bar,3,19
702,Cheese Spread Port Wine,2,16
703,Traditional No Fat Refried Beans,59,15
704,Outlast Xtend Clean Lavender Invisible Solid,80,11
705,Fajita Flour Tortillas,128,3
706,Furniture Polish Lemon Scent,114,17
707,XyliWhite Platinum Mint Toothpaste Gel,20,11
708,Unscented Regular Sleek Tampons,126,11
709,Soft Eating Mango Flavor Liquorice,45,19
710,Garlic Barrel Pickles,110,13
711,Vegetarian Brown  Gravy Mix,5,13
712,Direct Trade El Diablo Dark Roast Whole Bean Coffee,26,7
713,Pink Moscato California,6,2
714,Breakfast Blend Light Roast K-Cup Packs,26,7
715,Vitamin C Formula 1000 mg Vegetarian Tablets,47,11
716,Mouthwash Clean Mint ListerineÂ® Zeroâ„¢,20,11
717,Sweeper Open Window Fresh Scent Wet Mopping Cloths Refill,114,17
718,Traditional Chicken Tuscany Soup,69,15
719,Scars Cream + SPF 30,118,11
720,Artisan Spiced Pecan Turtle Ice Cream,37,1
721,Sweet Chai of Mine Chai Tea Bags,94,7
722,Snack Sticks Chicken & Rice Recipe Dog Treats,40,8
723,Movie Theater Butter Pop Corn,23,19
724,Pods Spring Meadow Detergent + Stain Remover + Brightener,75,17
725,Ceylon Cinnamon,104,13
726,Gluten-Free Boom Chicka Pop Sweet & Spicy Popcorn,23,19
727,HE Turbo Powder Original  Laundry Detergent,75,17
728,"Wraps, Turmeric",128,3
729,Superfood Bar Goji Acai Organic,3,19
730,Restorative Biotin Conditioner,22,11
731,Wild Mushroom Vegetarian Quarter Loaf,14,20
732,Lemon Fresh Multi Surface Cleaner,114,17
733,Cinnamon Pop'ettes,61,19
734,Salame All Natural Uncured Pepperoni,96,20
735,Four Cheese Pizza Frozen Sandwiches,129,1
736,"Beer, IPA",27,5
737,100% Whole Wheat Flour Burrito Tortillas,128,3
738,Almond Breeze Unsweetened Almond Coconut Milk Blend,91,16
739,Gourmet Australian Style Liquorice,45,19
740,Celery Heart,123,4
741,Bean Threads,66,6
742,Organic Raw Coconut Aminos,72,13
743,Pepperoni Party Pizza,79,1
744,Organic Four Bean Feast Baby Food,92,18
745,Complete Funfetti Buttermilk Pancake & Waffle Mix,130,14
746,Honeydew Hawaiian Shampoo,22,11
747,Xylitol Sweetener,17,13
748,Romaine,123,4
749,Dark Chocolate Bar 68% Cacao,45,19
750,Marble Cake Slice,8,3
751,Clean Day Countertop Spray,114,17
752,Tomatillos Tomatoes,30,6
753,Milk Chocolate Toffee Bits,17,13
754,Hydro Silk Women's Sensitive Skin Refill Blades,55,11
755,Skim Milk sharp Cheddar Cheese Singles,21,16
756,Malt Vinegar & Sea Salt Kettle Cooked Potato Chips,107,19
757,Premium Deli Hard Salami,96,20
758,No Sugar Added The Original Fudge Pops,37,1
759,Pain Reliever and Fever Reducer Cherry Infant Drops,11,11
760,Cracker Trio Selected Favorites,78,19
761,Tidy Cats 4-in-1 Strength Cat Litter,41,8
762,100% Columbian Coffee,26,7
763,Lemonade Flavor Drink Mix,90,7
764,Classic Butter Microwave Popcorn,23,19
765,Swaddlers Diapers Jumbo Pack Size Newborn,56,18
766,Refried Beans Vegetarian,30,6
767,Organic Fiber Fruit Blend,116,1
768,Nacho Grain-Free Tortilla Chips,100,21
769,Sliced American Cheese,21,16
770,Preference Fade-Defying Color + Shine System 9.5NB Lightest Natural Blonde,22,11
771,Butter Flavor Pan Popcorn,23,19
772,Deluxe White Cheddar & Bacon Macaroni & Cheese Dinner,4,9
773,Double Control Small Roach Baits Insecticide,87,17
774,Organic 100% Whole Wheat Rigatoni,131,9
775,Organic Dried Cranberries,117,19
776,Fruit Salad Gummi Candy,45,19
777,Teensy Fruits Baby Fruit Snacks Berry,92,18
778,All Natural Homestyle California Lemon Limeade,31,7
779,Cat Treats Hair Ball Control Chicken,41,8
780,Breadstick,112,3
781,Organic Shredded Mild Cheddar,21,16
782,"85% Lean, 15% Fat Ground Turkey (013021)",49,12
783,Mega Mag,47,11
784,Organic Vegetable Tray,83,4
785,Get Lost Weight Loss Tea,94,7
786,Thick Gel Toilet Bowl Cleaner,114,17
787,Coconut Lime Lip Balm,73,11
788,XXX Acai Blueberry Pomegranate,64,7
789,Ultimate Absorbency Regular Length,126,11
790,Garbanzo Beans,59,15
791,Creamy Chocolate Sugar Free Powder Coffee Creamer,53,16
792,Organic Pasteurized Apple Juice,98,7
793,Organic Spinach Quinoa Powermeal Bowl,123,4
794,Pad Thai Rice Noodles,66,6
795,"Organic Fuel, High Protein Milk Shake, Vanilla",65,11
796,Chocolate Reese's Peanut Butter Cup Creme Oreo,61,19
797,Unstopables Downy Unstopables Dreams In-Wash Scent Booster Fabric Enhancer 13.2oz Fabric Enhancers,75,17
798,Mega Shower Foamer with Ultra Cling Trigger,114,17
799,Fresh Cut Specialties Cut Golden Wax Beans,81,15
800,Organic Classic Caraway Kraut,110,13
801,Advanced Care Skin Renew Anti-Perspirant Deodorant,80,11
802,Organic Super Berry Juice,31,7
803,Heirloom Boysenberries,116,1
804,Ratatouille,100,21
805,Vitamin D3 1000 I.U Vegetable Capsules,47,11
806,100% Cranberry Juice Blend,98,7
807,For Chicken Marinade,5,13
808,Wild Raspberry Hibiscus Caffiene Free Herbal Tea Bags,94,7
809,Bolani Pumpkin Filled Flatbread,13,20
810,Organic Honey Mustard,72,13
811,Chocolate Decorating Cookie Icing,97,13
812,Healthy Grains Oats & Honey Clusters with Toasted Coconut Gluten Free,57,14
813,Spinach Pesto,9,9
814,Trix Cotton Candy Yogurt,120,16
815,Orange Flavored Sports Drink,64,7
816,Calcium Lime & Rust Remover,114,17
817,3rd Foods Chicken Noodle Dinner,92,18
818,Micro Craft Beer,27,5
819,Totality Multi-Symptom Relief,44,11
820,Vanilla Almond Butter Squeeze,88,13
821,Cranberry Urinary Tract Health,126,11
822,Spicy Jalapeno Ranch Popcorn,23,19
823,Refreshing Ocean Breeze Body Wash,127,11
824,Flourless Chocolate Truffle Cake,8,3
825,Cream Cleanser for Normal to Dry Skin,109,11
826,Original No-Stick Cooking Spray,19,13
827,Albacore Chunk White Tuna in Water,95,15
828,Euro Sponge Cloths,114,17
829,Compleats Good Mornings Bacon Breakfast Scramble,4,9
830,Skinny Wheat Buns,112,3
831,All Natural Premium Cornish Hen,34,1
832,High Protein Chocolate Light Milk Shake,65,11
833,Hearts Assortment,45,19
834,Single Classic Canned Meat,59,15
835,Lemon Verbena Bar Soap,25,11
836,Sliced Onion Bagels,93,3
837,California Merlot,28,5
838,"Goat Cheese, Spreadable, Breakfast, Fig",51,13
839,Glass Bottles,77,7
840,Coco Joe Pumpkin Seeds,117,19
841,Thick Cut Italian 7-Herb Blend Crispbreads,78,19
842,Sugar Free Fruit Juicy Red Drink Mix,90,7
843,Mountain Stream Fabric Softener,75,17
844,Polska Kielbasa,106,12
845,NyQuil Severe Cold & Flu,11,11
846,Apple Green Cups,111,17
847,Gluten Free Sugar Cookie Mix,105,13
848,"Cat Food, Premium, Adult Cat Formula",41,8
849,Blueberry & Banana Tiny Fruits Freeze Dried Snacks,92,18
850,Crunchy & Soft Taco Dinner Kit,30,6
851,Chile Con Queso Potato Crisps,107,19
852,Light String Cheese,21,16
853,Crunchy Granola Bars Variety Pack,48,14
854,Traditional Red Miso,66,6
855,Clamato Chelada Beer,27,5
856,Asiago Cheese Bread,21,16
857,Grilled Asparagus,123,4
858,"Pomegranate Coconut Sparkling Probiotic Drink, Organic",31,7
859,2-Ply Everyday Napkins,54,17
860,Chicago Steak & Chop Cracked Pepper & Garlic Blend,104,13
861,Every Woman Multivitamin,47,11
862,Unsweetened Original Organic Soy Non-Dairy Beverage,91,16
863,ArtiHearts Fresh Grilled Artichokes,123,4
864,Stainless Steel Strainer,10,17
865,Automatic Toilet Bowl Cleaner Bleach & Blue Rain Clean Scent Pack,114,17
866,Flavor & Fiber Banana Walnut Bar,3,19
867,No Wax Floss Classic 490,20,11
868,Cleanse & Replenish 2-in-1 Shampoo,22,11
869,Organic Mango Mania ZFruit and Veggie Rope,3,19
870,Just Fruit Salad,50,19
871,Rose & Apricot Hair Milk,22,11
872,Power Greens,31,7
873,Graduates Lil' Meals Spaghetti Rings In Meat Sauce,92,18
874,Cherry Pie,8,3
875,Ginger Berry Kombucha,31,7
876,Vitamin B6 100 mg,47,11
877,Ultra-Filtered Whole Milk,84,16
878,Moisturizing Lavender Body Wash,25,11
879,Baby Dry Diapers Size 4,56,18
880,Organic Smooth Move Chamomile Laxative Tea Bags,94,7
881,Heavy Duty Scrub Sponges,114,17
882,Fingerling Potato,83,4
883,Peanut Butter Chocolate Chip Bar,3,19
884,Dried Parsley Flakes,104,13
885,Lunchmakers Pizza Pepperoni with Nestle Crunch Bar,13,20
886,Whole Grain Salad with Roasted Pecans & Mango Vinaigrette,1,20
887,Creamy Supreme Buttercream Frosting,97,13
888,Clean Freak Refreshing Dry Shampoo,22,11
889,Oatnut Bread,112,3
890,Organic Diced Tomatoes,81,15
891,Liquid Water Enhance Ice Van Java,100,21
892,White Tea Lavender Probiotic Kefir Water No. 2,94,7
893,"Vitamin E Oil 45,000 IU",109,11
894,Greek 100 Calories Vanilla Fat Free Yogurt,120,16
895,YoKids Squeeze Organic Blueberry Blue Yogurt,120,16
896,Children's Bubblegum Flavor Suspension,11,11
897,Pearl Active Duopack Tampons,126,11
898,Saucy Ginger Mandarin Dressing,89,13
899,Colby Jack Cheese Slices,21,16
900,"Fava Crisps, Santa Barbara Ranch",107,19
901,Dark Chocolate Peanut Candy,45,19
902,"Baked Rice Crisps, Sour Cream & Wasabi, Medium",78,19
903,Gluten Free Sugar Cones,103,19
904,"Tofu, Gluten Free, Garlic Pepper",14,20
905,Fish Oil with Vitamin D 1000mg,47,11
906,Chamomilla 30 C,47,11
907,Premium Sliced Bacon,106,12
908,Onion & Herb Salt-Free Seasoning Blend,104,13
909,Calcium Magnesium Citrate Plus Vitamin D3 Natural Mixed Berry Flavor,47,11
910,Nutri-Grain Harvest Hearty Breakfast Bars Country Strawberry,48,14
911,"Protein Shake, Organic, Banana Creme",64,7
912,Mushroom Stems & Pieces in Water,81,15
913,Dry Pasta Lasagne,131,9
914,"Cold & Cough Formula, Effervescent Tablets, Citrus",11,11
915,Ultra Soft & Strong Double Roll Bath Tissue,54,17
916,Majestic Roast Ground Coffee,26,7
917,All Time Great's Candy Assortment,45,19
918,Light Brie Soft-Ripened Cheese Mini-Wheel,2,16
919,Apricot Fruit Roll,50,19
920,Coconut Yogurt,120,16
921,Black Salt Caramel Dark Chocolate Bar,45,19
922,Chipotle & Roasted Garlic Seasoning,104,13
923,Country Fresh Old Fashioned Horseradish,88,13
924,2 In 1 Laundry Detergent,75,17
925,Southern Style Diced Hash Brown Potatoes,129,1
926,Crispy Thin Crust White Pizza,79,1
927,"Cabernet Sauvignon, Central Coast, 2011",28,5
928,Chunky Classic Chicken Noodle Soup,69,15
929,New England Clam Chowder Condensed Soup,69,15
930,ULTRACLEANâ„¢ Cool Mint ULTRACLEANâ„¢,20,11
931,Lash Discovery Waterproof Mascara - Very Black,132,11
932,Vegetable Pie In A Pocket Sandwich,38,1
933,Roarin' Waters Wild Cherry Water Beverage,98,7
934,Mini Pre-Sliced Blueberry Bagels,93,3
935,Premium Apple Juice,98,7
936,Butterfinger Smooth & Crunchy Peanut Butter Cups,45,19
937,Buffalo Style Chicken Strips,129,1
938,"Disinfectant Spray, Crisp Linen Scent",114,17
939,Annie's Bunny Fruit Snacks Variety,50,19
940,Bathroom Tissue,54,17
941,Smoked Atlantic Nova Salmon,15,12
942,Echinacea & Elderberry Organic Herbal Tea,94,7
943,Magnesium Citrate Caplets,47,11
944,Vanilla Orange Swirl Ice Cream,37,1
945,Fruit Punch Juice Drink,98,7
946,Seasonal Oikos Greek Yogurt,120,16
947,Cracker Crunchers Bologna with Nestle Butterfinger Bar LunchMakers,13,20
948,Superior Spot & Film Protection Jet-Dry Dishwasher Rinse Aid,74,17
949,Sensitive Shave Gel with Aloe,55,11
950,Toll House Ultimate Chocolate Peanut Butter Deluxe Cookie Dough,105,13
951,Vitamin D3 Cholecalciferol Softgels,47,11
952,"Flaxseed Meal, Whole Ground",17,13
953,Plain Fat Free Yogurt,120,16
954,Simple White Down East Crackers,78,19
955,Cheddar Chex Mix,125,19
956,Shampoo Baby Shampoo,102,18
957,Key Lime Moisture Shave,55,11
958,Almond Extract,47,11
959,Chicken & Vegetable Stir Fry CafÃ© Steamers,38,1
960,Villager Ipa,27,5
961,Grape Sunflower Butter Sunwiches,13,20
962,Organic Roasted Garlic Vinaigrette Dressing Organic,89,13
963,Unsalted Beef Broth,69,15
964,Toothpicks,87,17
965,Maxtra Cartridge Water Filter Refills,87,17
966,Pear Hard Cider,27,5
967,Gluten Free Soft & Chewy Snicker Doodle Cookies,8,3
968,Zipper Bags Sandwich - 50 CT,85,17
969,Petite Green Peas,116,1
970,Salmon and Tuna Formula Dry Cat Food,41,8
971,Chicken Alfredo with Rotini,38,1
972,Linguine No 7 Pasta,131,9
973,8 X 6 Cutting Board,10,17
974,Organic 54% Cocoa Dark Chocolate Bar,45,19
975,Creamy Vanilla Soy Milk Frozen Dessert,37,1
976,Cavity Protection Regular Flavor Toothpaste,20,11
977,Deli Spicy Brown Mustard,72,13
978,Mallow Oats Cereals,121,14
979,Odor Control Home Trash Compactor Bags 18 Gallon,60,17
980,Automatic Toilet Bowl Cleaner with Bleach,114,17
981,Garlic Naan,128,3
982,Aged Gouda Cheese,2,16
983,Strawberry Pomegranate,3,19
984,Cucumber Witch Hazel With Aloe Vera,109,11
985,Peanut Butter Bars,3,19
986,Crushed Pineapple in 100% Juice,99,15
987,Naturals Antiseptic Adult Mouthwash Herbal Mint,20,11
988,Cranberrry  Almond Soft & Chewy Granola Bar,3,19
989,Chapatti Chicken Tikki Masala Wrap,38,1
990,Diced Pancetta,96,20
991,Red Sweet Mini Pepper,100,21
992,Thin Crust Pepperoni & Pesto Pizza,79,1
993,Mild Diced Tomatoes with Green Chilis,81,15
994,Shake n Pour Buttermilk Pancake Mix,130,14
995,Sausage Smoked Sweet German Brand,106,12
996,Honey Cinnamon Nut-Thins  Crackers,125,19
997,Mini Double Chocolate Ice Cream Bars,37,1
998,Hot Chopped Green Chili,104,13
999,Original Organic Ville BBQ Sauce,5,13
1000,Apricots,18,10
1001,Unseeded Plain Rye,112,3
1002,All Natural Stevia Liquid Extract Sweetener,17,13
1003,Organic Turkey Bone Broth,5,13
1004,Vitamin E Moisture Rich Shampoo for Dry or Damaged Hair,22,11
1005,China Green Tips Green Tea,94,7
1006,Philadelphia Cream Cheese,108,16
1007,Baby Cookies Apple + Ginger,92,18
1008,Red Rice Crackers,78,19
1009,40 Watt Decorative Soft White  Light Bulb,87,17
1010,Agar Agar Powder,6,2
1011,Cranberry Grape Cocktail,98,7
1012,Black Tea English Breakfast K-Cups,94,7
1013,Poly-Vi-SolÂ® Infants And Toddlers Multivitamin Supplement Drops,6,2
1014,Junior Juice Mixed Fruit Juice,98,7
1015,Original Herbamare Infused Sea Salt,104,13
1016,Classic Italian Grated Parmesan,89,13
1017,Strawberry Banana Juice,31,7
1018,Kids Organic Mashups Squeezable Fruit Strawberry Banana,92,18
1019,Spicy Bbq Chicken Soup,100,21
1020,"Penne Rigate, 100% Organic Einkorn",131,9
1021,Ready to Eat Organic Flax Chia Blend,117,19
1022,Marshmallow,88,13
1023,Shea Butter Body Wash,127,11
1024,Milk + Vanilla Toddler Cookies,92,18
1025,Organic Fresh Basil,16,4
1026,Revitalizing Moisture Tropical Citrus Razor Kit,55,11
1027,Organic Old World Flatbreads Pizza Crust,128,3
1028,Organic Oat Bread,112,3
1029,Heavy Duty Scour Pads,114,17
1030,Hop Devil IPA,27,5
1031,Cold Remedy Orange Cream Ultra RapidMelt,11,11
1032,Fat Free Crumbled Feta,21,16
1033,Rainbow Sherbet Ice Cream,37,1
1034,Medium Soup & Salad Containers + Lids,85,17
1035,Chamomile Citrus Caffeine Free Herbal Tea Artisan Whole Leaf Pouches,94,7
1036,Clorox Stain Fighting + Cascade Cleaning Lemon Scent Action Pacs,74,17
1037,Golden Potato Buns,43,3
1038,24 Hour Allergy Relief Tablets For Adults,11,11
1039,Free & Clear Unscented Refill Value Packs Baby Wipes,56,18
1040,Clean Linen Wax Melts Refill,101,17
1041,Buffalo Milk Butter,36,16
1042,Perfect Fit Facial Tissue,132,11
1043,Organic Broccolini,83,4
1044,Delights Classic Chicken And Cheddar Cheese Feast,41,8
1045,Non Alcoholic Caramel Coffee Creamer,53,16
1046,Mediterranean Blend Steamers,116,1
1047,Cinnamon Sugar Butter Tub,36,16
1048,Yogurt Cheese with Probiotic,21,16
1049,Special K Protein Chewy Granola Bars Almond Honey Oat,48,14
1050,Adrenal Health Liquid Capsules,126,11
1051,"Silverware, Metallic",111,17
1052,Curl Enhancing Shea Butter Leave-In Conditioner,22,11
1053,Clean Cuisine Food Prep Disposable Gloves,114,17
1054,Greek Kefir Honey,120,16
1055,Naturals Grilled Chicken Nugget,100,21
1056,Roasted Garlic Mashed Potates,4,9
1057,"Basil, Asiago & Pine Nut Pesto Ravioli",13,20
1058,Pure Butter Shortbread Scottie Dogs,61,19
1059,Signature French Vanilla Cake Mix,105,13
1060,Black Cherry Premium Fruit Spread,88,13
1061,Red Beans & Rice Cajun Sides,4,9
1062,Fully Cooked Turkey Sausage Links,106,12
1063,Extra Dark Chocolate Baking Chips,17,13
1064,Greek Corner Blackberry & Raspberry Lowfat Yogurt,120,16
1065,Freshmints,46,19
1066,Chicken with Noodles Low Sodium Ready To Serve Soup,69,15
1067,Heavy Duty Compostable Bowls 16 oz,111,17
1068,Pork & Duck Live Mousse With Port Wine Topped With Aspic,67,20
1069,100% Oatnut Bread,112,3
1070,Spicy Chicken Breast Patties,34,1
1071,Pils,27,5
1072,Mini Treats Pretzels,107,19
1073,Carving Board Oven Roasted Turkey,96,20
1074,German Bologna,96,20
1075,Kandy Bars Fudge Krunch,37,1
1076,Yellow Corn Taco Dinner Kit,30,6
1077,Security Super Plus Unscented Tampons,126,11
1078,French Vanilla Creme Protein Energy Bars,3,19
1079,One Plant-Based Mixed Berry Flavor Nutritional Shake Drink Mix,65,11
1080,"Salad, Cobb",123,4
1081,Complete Puppy Food,40,8
1082,Ultimate Absorbency Long Pads,126,11
1083,Reduced Fat Cheddar Cheese Slices,21,16
1084,Light Ice Cream Vanilla,37,1
1085,Sazon Con Azafran,30,6
1086,Jack's Special Salsa Medium Hot,51,13
1087,Sunrise Crunchy Cinnamon Cereal,121,14
1088,Clorox Free and Clear Stain Fighter & Color Booster,75,17
1089,"Coffee, Gourmet, All-Purpose Grind, Medium, 100% Colombian, Decaf",26,7
1090,Shells & Real Aged Cheddar Macaroni & Cheese,4,9
1091,"Pennsylvania Woodlands, Mushroom Barley Soup Mix",69,15
1092,PM Sleep Aid Plus Pain Relief,118,11
1093,Iced Peach Tea,94,7
1094,Kids Strawberry Yogurt Tubes,120,16
1095,Sesame Ginger Marinade,5,13
1096,9.5 pH Super Hydrating Purified Water,115,7
1097,Sonoma County Sauvignon Blanc,62,5
1098,Organic Blackberry Blend Juice,31,7
1099,Cuties Non Dairy Vanilla Frozen Dessert Sandwiches,37,1
1100,Balanced Breaks White Cheddar with Sea Salted Roasted Almonds and Dried Cranberries,108,16
1101,Seasonal Tamale,30,6
1102,Prepare And Serve Mashed Potatoes,4,9
1103,Hickory Smoked Turkey Breast,96,20
1104,Plain Yogurt,120,16
1105,Nag Champa Incense,101,17
1106,Cranberry Almond Plus Antioxidants 1.4 oz Fruit & Nut Bars,3,19
1107,No Scratch Scrubber Sponges,114,17
1108,Hummus Roasted Garlic,67,20
1109,Gluten Free Crispy Battered Haddock,34,1
1110,Broccoli Carrots Sugar Snap Peas & Water Chestnuts,116,1
1111,Plain Pre Sliced Bagels,93,3
1112,Peach Sparkling Energy Water,64,7
1113,Original Buffalo Wings Seasoning Mix,5,13
1114,Half And Half Guayusa And Juice,31,7
1115,Turkey Bologna,96,20
1116,Tea Tree & Lavender Shampoo & Body Wash,102,18
1117,Turkey Bacon,106,12
1118,Ginger Chia Kombucha,31,7
1119,Street Tacos,42,1
1120,All American Flame Grilled Veggie Burgers,42,1
1121,Wicked Fresh! Cool Peppermint Toothpaste,20,11
1122,Linen & Lilies Laundry Detergent,75,17
1123,Fruit Vegetable Mango Fruit Square,99,15
1124,Multi-Symptom Relief Caplets,70,11
1125,Very Vanilla Boost Plus Nutritional Drink,65,11
1126,Estilo Casero Tostadas,128,3
1127,Frizz Ease Curl Reviver Mousse,22,11
1128,Chocolate Chip Granola Bars,3,19
1129,Organic Family Recipe Chocolate Chip Cookies,61,19
1130,Gluten Free Garbanzo & Fava Flour,17,13
1131,70% Dark Chocolate,45,19
1132,Homestyle Chicken Noodle Soup Bowl,69,15
1133,Preference Fade-Defying Color + Shine System  LB02 Extra Light Natural Blonde,22,11
1134,The Red ONe: Squished Fruit Smoothies,92,18
1135,Yams Cut Sweet Potatoes In Orange Pineapple Sauce,81,15
1136,Oil-Free Acne Wash,73,11
1137,Cerveza Especial Imported Beer From Mexico,27,5
1138,Pork Tenderloin,7,12
1139,Whole Wheat Fresh Stack Crackers,78,19
1140,Heat & Eat Organic Bowl Brown Rice,4,9
1141,Apple And Pineapple,99,15
1142,Crystal Rain Trigger Glass Cleaner,114,17
1143,Kettle Corn Popcorn Chips,78,19
1144,Chicken & Brown Rice Premium Dog Food,40,8
1145,Imported Kalamata Olives in Vinegar Brine,110,13
1146,Quality Kraut,110,13
1147,"Pop Up Notes, 3\"" X 3\""",87,17
1148,Oxy Power Degreaser Ultra Concentrated Dish Liquid,74,17
1149,Fresh Blue Agave Gold Tequila,124,5
1150,"AFC Sushi Spicy Salmon Roll Prepared In Store, Ready To Eat",13,20
1151,Sesame Teriyaki Sauce & Marinade,5,13
1152,Beach Defense Water + Sun Barrier Spray Sunscreen Spf 70,127,11
1153,Coho Salmon Fillet,39,12
1154,Pomegranate Blueberry Sparkling Water,115,7
1155,Black Olive Walnut Bar,3,19
1156,Semisweet Chocolate Super Cookie Chips,17,13
1157,Wheat Sandwich Bread,112,3
1158,Mango Chunks,116,1
1159,PODS Laundry Detergent Spring Meadow Scent 16 Count  Laundry,75,17
1160,Pinot Grigio,62,5
1161,Gourmet Cupcakes Filled With Sweet Vanilla Creme,8,3
1162,Complete Skillet Meal For Two Chicken Parmigiana & Penne,38,1
1163,"Freshener, Room & Fabric, Relax, Lavender with Vanilla",101,17
1164,Whole Bean Organic Kick Ass Coffee,26,7
1165,Lightweight Moisturizin Argan & Rosewater Face Lotion,109,11
1166,Condensed Vegetable Beef Soup,69,15
1167,2nd Foods Apple Peach Squash,92,18
1168,"White Wine Winemaker's Blend California, 2010",62,5
1169,Duke Medium Roast Cold Brew Coffee Concentrate,26,7
1170,Tricolor Penne,131,9
1171,Clear Bottle Brush,114,17
1172,Organic Berry Fuel Energy Drink,64,7
1173,Nature's Colors Decorating Sugars Sunflower Yellow,97,13
1174,Organic Flax Oil,47,11
1175,Creamy Chicken Orzo with Mixed Vegetables,69,15
1176,Garlic Texas Toast,58,1
1177,Italian Style Seasoned Bread Crumbs,112,3
1178,Key West Pink Shrimp,34,1
1179,Polar Ice Sugar Free Gum,46,19
1180,Mesquite Uncured Salame,96,20
1181,Mini Watermelon,24,4
1182,Chile LimÃ³n Flavored Potato Chips,107,19
1183,Organic Black Seedless Grapes,24,4
1184,Children's Allergy Relief,11,11
1185,Energy Tropical Citrus Vitamin Water Drink,64,7
1186,Original New Orleans Style Dirty Rice Mix,4,9
1187,Natural Stone & Steel Cleaner,114,17
1188,Indian Bites Samosa & Chutney Spiced Potato Pockets With Peas & Cilantro Chutney,129,1
1189,Manual Toothbrush,20,11
1190,Tequila Reposado with Glass,124,5
1191,Country Brand Chili with Beans,59,15
1192,100% Organic Simple Seed Mix,117,19
1193,Lite Sliced Pears in Extra Light Syrup,99,15
1194,Natural Artisan Water,115,7
1195,Warming Balsam Fir Mineral Bath,25,11
1196,Vegan Smart All-In-One Nutritional Shake Vanilla,65,11
1197,"Plates, Ultra, 10-1/16 Inch",111,17
1198,Tahitian Renewal  Body Wash,127,11
1199,YoTot Organic Raspberry Pear Yogurt,120,16
1200,Vegetable Classics Vegetable Soup,69,15
1201,Maxi Super with Flexi-Wings,126,11
1202,Organic Whole Grain Oatmeal Cereal Baby Food,92,18
1203,Crunchy Organic Dark Roasted Peanut Butter,88,13
1204,Rain Bath Refreshing Shower Gel,127,11
1205,Gourmet Nacho Cheddar Cheese Sauce,30,6
1206,"Noodle Soup, Shin Cup, Gourmet Spicy",66,6
1207,Garlic Primavera Risotto,4,9
1208,Organic Roasted Dandelion Root Herbal Tea,94,7
1209,Pecan Sandies Simply Sandies,61,19
1210,G2 Thirst Quencher Grape Electrolyte Beverage,64,7
1211,Bites Cherry Candy,45,19
1212,Coconut Nectar Elixir,31,7
1213,Wild Berries Sore Throat Lozenges,11,11
1214,Vinegar Balsamic,19,13
1215,Kidz All Natural Baked Chicken Nuggets,129,1
1216,Dairy Free Gluten Free Mushroom & Roasted Garlic Pizza,42,1
1217,"Select-A-Size Paper Towels, White, 2 Huge Rolls = 5 Regular Rolls  Towels/Napkins",54,17
1218,Buffalo Style Chicken Wrap,100,21
1219,Grapes,24,4
1220,Cherry Soft Drink,77,7
1221,Mesa Rosa Chipotle Southwestern Smoky Blend,104,13
1222,Air Effects With Gain Original Scent Air Freshener Spray,101,17
1223,Cockroach Killing Bait Strips,87,17
1224,Gochugaru Korean Chili Flakes,104,13
1225,ChlorOxygen Alcohol Free Chlorophyll Concentrate Softgels,47,11
1226,Salsa Hot,51,13
1227,Organic Bold Original Cacao Superfood Drink,31,7
1228,Turkey With Beans 98% Fat Free Chili,59,15
1229,Restore Banana Kale Banana & Pineapple,37,1
1230,M&M's Light Milk Chocolate Ice Cream,37,1
1231,Organic Creme Fraiche,21,16
1232,Thin Stackers Organic 5 Grain Puffed Grain Cakes,78,19
1233,Baking Bar Ghirardelli 60% Cacao,17,13
1234,Cream Top Smooth & Creamy Plain Yogurt,120,16
1235,Refreshers Strawberry Lemonade Sparkling Green Coffee Energy Drink,98,7
1236,Chocolate Mint Cookie Crunch Energy Bar,3,19
1237,Sugar Free Hot Fudge Topping,103,19
1238,Smoked Sea Salt & Rosemary Goat Cheese & Olive Oil Infusion,2,16
1239,Original Hickory Grilled Dry-Rub Seasoning,5,13
1240,Plain Better Than Cream Cheese,108,16
1241,Strawberry Cheesecake Ice Cream,37,1
1242,On The Go Fruit Punch Drink Mix,90,7
1243,Royal Blue Decorating Icing,97,13
1244,Organic Orange Bell Pepper,83,4
1245,All-Natural Irish Style Oatmeal,130,14
1246,Cheese,2,16
1247,Sloppy Joes Seasoning Mix,5,13
1248,Face for Everyday Moisturize,109,11
1249,Blueberry Jam,88,13
1250,Turkey Breast Oven Roasted,13,20
1251,Whole Pickled Beets,81,15
1252,Whole Coriander,104,13
1253,93% Lean Ground Beef,7,12
1254,Cranberry Splash Diet Soda,77,7
1255,Old Fashioned Bar Shampoo Original Formula,22,11
1256,Mini Strawberry Donuts,61,19
1257,Organic Amaranth Flakes,121,14
1258,Maple Almond Snack Pack,71,16
1259,Jammin' Salmon Rub Spice Blend,5,13
1260,"Curry Powder, Oriental",66,6
1261,Old Fashioned Buttermilk Ranch Salad Dressing,89,13
1262,The Big Cheez Ultimate Cheddar Microwave Popcorn,23,19
1263,American Cheese Slices 12 Count,21,16
1264,Pitted Prunes with Orange Essence,117,19
1265,Concentrated Dishwashing Liquid Dye & Fragrance Free,74,17
1266,Lavender Multi-Purpose Cleaner,114,17
1267,Angel Hair Nests No. 209,131,9
1268,Heat-N-Go! Maple Burst'n Mini Pancakes,52,1
1269,of Norwich Original English Mustard Powder Double Superfine,104,13
1270,Asian Harvest Sliced Water Chestnuts,33,6
1271,Light Fresh Scent Personal Wipes,126,11
1272,Organic Raspberry Ginger,31,7
1273,"Ramen, Reduced Sodium, Asian Vegetable",66,6
1274,Slow Churned Caramel Delight Ice Cream Cup,37,1
1275,Sparkling Sugar Bright White,97,13
1276,PuppyÂ® Complete Nutrition Dry Food for Puppies,40,8
1277,CrÃ¨me De Menthe Baking Chips,97,13
1278,Reduced Sodium Salt Alternative,104,13
1279,Ultimate Flora 80 Billion Probiotic Vegetable Capsules,70,11
1280,Frozen Concentrate Non-Alcoholic Strawberry Daiquiri,113,1
1281,Gold Antibacterial Hand Soap,127,11
1282,Green Onion,83,4
1283,Organic Edamame & Mung Bean Fettuccine,100,21
1284,Organic Dried Cranberries Apple Sweetened,117,19
1285,Premium Quality Variety Rice,63,9
1286,Apricot Preserve,88,13
1287,Pearl Triple Pack Light/Regular/Super Absorbency Scented Tampons,126,11
1288,Happy Hips Chicken & Oats Recipe Dog Food,40,8
1289,Original Mint Baking Soda Toothpowder,20,11
1290,Tangerine Mango Passionfruit Juice,31,7
1291,Cucumber  & Aloe Vera Swim & Sport Shampoo & Wash,22,11
1292,Gimme Steak Blend,104,13
1293,Fresh Yeast,36,16
1294,Red Zone Collection Deodrant - Pure Sport,80,11
1295,Ultra Assorted Fruit Antacid Tablets,70,11
1296,Sink Strainer,10,17
1297,Strawberry Apple Sauce To Go Packs,99,15
1298,Peach Slices in Heavy Syrup,99,15
1299,Lavender Room Freshener,101,17
1300,Black Cherry Gelatin Dessert,105,13
1301,"Cereal, Panda Puffs, Peanut Butter",121,14
1302,Natural Orange Flavor Liquid Sublingual Melatonin,100,21
1303,Fruit & Yogurt Grabbers Peaches & Cream,92,18
1304,Little Movers Comfort Fit Size 3 Diapers,56,18
1305,Vintner's Reserve Johannisberg Riesling,62,5
1306,Raisin Bran Whole Grain Wheat & Bran Cereal,121,14
1307,"Tortilla Chips, Yellow Corn",107,19
1308,Organic Coconut Flour,17,13
1309,"Tooth Gel, with Xylitol, Kid's, Natural Bubble Gum",20,11
1310,All Natural Whole Grain Blueberry Pancakes,52,1
1311,Liquid Cleanser,114,17
1312,Pineapple Orange Juice,98,7
1313,Tortilla Strips Restaurant Style,107,19
1314,Pretzel,45,19
1315,Orange Edition,64,7
1316,Southern Sweet Potato Blend,42,1
1317,Calming Comfort Baby Lotion,102,18
1318,Muscle Recovery Green Tea,94,7
1319,100% Recycled White Unscented Bathroom Tissue,54,17
1320,"Dishwasher Detergent Pacs, Natural, Free & Clear",74,17
1321,Plain Grade A  0% Fat Greek Yogurt,120,16
1322,Cannellini White Kidney Beans,59,15
1323,Vanilla Bean Natural Lowfat Yogurt,120,16
1324,"Large 10.5\"" Midnight Blue Plateware",111,17
1325,Classic Brown Gravy Mix,5,13
1326,The Bee's Knees Honey Peanut Butter,88,13
1327,Cherry Diet Soda,77,7
1328,"Nutrition Bar, Dark Chocolate Pomegranate",3,19
1329,Spiced Pumpkin Pie Energy Bar,3,19
1330,Extra Soft Double Roll Bathroom Tissue,54,17
1331,Green Tea Hand Wash With Soothing Aloe Vera,25,11
1332,Gluten-Free Vegetarian Bean & Cheese Burrito,42,1
1333,90 Calorie Chewy Bars Chocolate Peanut Butter,48,14
1334,Spicy Ranch Salad Dressing,89,13
1335,Stage 1 Just Butternut Squash Baby Food,92,18
1336,Ultra Power Plus Natural Dish Liquid Fresh Scent,74,17
1337,"Yogurt, Sheep Milk, Strawberry",120,16
1338,Prime Premium Black Beans,30,6
1339,Xylitol,17,13
1340,Organic Garlic Stuffed Green Olives,110,13
1341,Complete Mint Flavor Satin Floss Twin Pack,20,11
1342,Green Pickled Whole Jalapeno Peppers,81,15
1343,Potato Crunch Fish Fillets,34,1
1344,Organic Vegetable Glycerin Skin Care,109,11
1345,"Merlot, Alexander Valley, Sonoma County, 2009",28,5
1346,Freshly Crumbled Gorgonzola Cheese,2,16
1347,Organic Raspberry Yogurt,120,16
1348,Strawberry Banana Fruit Juice Smoothie,31,7
1349,Greek Yogurt Banana & Pumpkin,92,18
1350,Sparkling Clementine Juice Beverage Blend,77,7
1351,O'Coconut Lightly Sweetened Coconut Treat Classic,45,19
1352,Lemon Lime Sports Drink,64,7
1353,Matte Finish Firm Hold Fiber Cream,22,11
1354,Honey Roasted Peanuts,117,19
1355,AromaHappy Gel Air Freshener,101,17
1356,"Sweet Potato, White Beans & Cinnamon Stage 2",92,18
1357,Rich & Creamy Grand Neapolitan Ice Cream,37,1
1358,Phillips Gourmet Portabella Mushroom,123,4
1359,Organic Turmeric,104,13
1360,Crunchy Peanut Butter,88,13
1361,Nonfat High Protein Mixed Berry Kefir,31,7
1362,"Baking Mix, Brownie",17,13
1363,Grapefruit Omega-3 Body Lotion,25,11
1364,Organic Vanilla Chip Chewy Granola,3,19
1365,Mixed Bell Peppers,123,4
1366,Splash Berry Blend Juice,98,7
1367,Traditional Roast Ground Coffee,26,7
1368,Pink Lady Apple,24,4
1369,"Sauvignon Blanc, California, 2011",62,5
1370,Peanut Butter Chocolates,45,19
1371,Flip Sides Pretzel Crackers,78,19
1372,Organic Beef & Liver Premium Cat Food,41,8
1373,100% Organic Whole Peeled Tomatoes,81,15
1374,Organic Hass Avocado Bag,83,4
1375,Disposable 5 Blade Razors,55,11
1376,Buttermilk Biscuits,105,13
1377,Organic Lactose Free Strawberry Yogurt,120,16
1378,Dark Mint Chocolate Chip Protein Bars,3,19
1379,VitaTops Deep Chocolate Muffin Tops,52,1
1380,Extreme Clean Mint Zest Toothpaste,20,11
1381,The Soothing Remover Cleansing Towelettes for Sensitive Skin,127,11
1382,Tequila Blanco,124,5
1383,Unstopables Fresh Premium Scent Booster with Softener Fabric Enhancer,75,17
1384,Mang-O-Rita Margarita With A Twist,27,5
1385,Yogurt Stellar Strawberry,120,16
1386,Raw Coconut Cacao Bliss Butter,88,13
1387,White Apple Cauliflower & Leek Organic Baby Food,100,21
1388,Mozzarella Cheese Chunk,21,16
1389,Cranberry Grape 100% Juice Blend,98,7
1390,Sweeper Floor Mop Starter Kit,114,17
1391,Town House Light & Buttery Original Oven Baked Crackers,78,19
1392,Medium Salsa Organica,67,20
1393,Diet Lemon Tea,94,7
1394,Uncured Pepperoni Slices,96,20
1395,Classic Seasoning with Lemon Skillet Crisp Tilapia,34,1
1396,Sweet Potato (Yam),83,4
1397,Wellness Formula Herbal Defense Complex,47,11
1398,Ice Bag,37,1
1399,Reduced Fat Cream of Mushroom Condensed Soup,69,15
1400,Banana Pudding,8,3
1401,Relax Riesling,62,5
1402,Plain Soymilk Creamer,91,16
1403,Mint Teenage Mutant Ninja Turtle Mouthwash,20,11
1404,Herba Tussin Tea Bags,94,7
1405,Kids Soft and Chewy Candy,45,19
1406,Vegan Nutritional Shake Sweet Vanilla Bean,65,11
1407,Veggie Spirals,131,9
1408,Mini Cucumbers,123,4
1409,Dairy Free Coconut Milk Passionate Mango Yogurt Alternative,120,16
1410,"Family Style Pizza Dough, Classic Crust",97,13
1411,"Hummus, Roasted Garlic",67,20
1412,"Sauce with salt, spices and pepper Seasoning",104,13
1413,Eggwhite Protein 100% Pure Powder,65,11
1414,"Potato Pancake Mix, Vegetable",33,6
1415,Premium Soy Sauce,66,6
1416,Organic Caesar Dressing,89,13
1417,2nd Foods - Green Beans,92,18
1418,Nutri-Grain Crunch Chocolatey Chip Breakfast Bars,3,19
1419,Spring Vanilla Cup Cake,61,19
1420,Pearl Regular Unscented Tamponds,126,11
1421,Canning Jar,85,17
1422,Apple Quinoa Cinnamon Oatmeal Fruit Squeeze,121,14
1423,100% Lactose Free Whole Calcium Enriched Milk,91,16
1424,Light Buttermilk Ranch Salad Dressing,89,13
1425,Real Ice Cream Peanut Butter Cup,37,1
1426,Lemon Zest,3,19
1427,Berries GoMega Smoothie Blend,31,7
1428,Hawaiian Sweet JalepeÃ±o Rolls,43,3
1429,100% Natural Creamy Peanut Butter,88,13
1430,Dry Roasted  Unsalted Peanuts,117,19
1431,Original Citrus Tangy Punch,31,7
1432,Organic Strawberry Yogurt,120,16
1433,Jumbo Lump Crab Meat,95,15
1434,Organic Italian Bread Crumbs,5,13
1435,Regular Concentrated High Efficiency Bleach,114,17
1436,Wild Cherry Juice Drink Blend Pouches,98,7
1437,Skinny Girl Microwave Butter Popcorn,23,19
1438,Men Clinical+ Clean Anti-Perspirant & Deodorant,80,11
1439,Sparkling Probiotic Pomegranate Drink,31,7
1440,Baby Dill,16,4
1441,Quinoa Cereal Honey Almond,121,14
1442,Sea Salt Caramel Iced Coffee,26,7
1443,Strawberry and Banana Fruit Puree,92,18
1444,Feng Shui Rice Crackers Hot Wasabi,78,19
1445,Light Pomegranate/Blueberry,120,16
1446,Organic Olive Oil  Spray,19,13
1447,Organic Baby Lettuces,123,4
1448,Optic White Fresh Mint Toothpaste,20,11
1449,Firecracker  Ice Pops,37,1
1450,Original Bobos Bites,3,19
1451,Oops! All Berries Cereal,121,14
1452,Lean Protein & Fiber Bar Honey Drizzle Peanut,3,19
1453,Theraneem Neem Mouthwash - Herbal Mint,20,11
1454,Coconut & Almond Candy Bar,45,19
1455,Firm Pesto Tofu,14,20
1456,Organic Caesar Premium Croutons,89,13
1457,Banana Protein Kefir Nonfat Cultured Milk Smoothie Probiotic,31,7
1458,Ice Pops Sugar Free Orange Cherry Grape,37,1
1459,Gentle Glide 360 Ultra Absorbency,126,11
1460,Restaurant Style Tortilla Rounds,107,19
1461,Original Value Pack Sausage Patties,52,1
1462,Gallon Freezer Reclosable Bags,85,17
1463,Organic Milk,84,16
1464,Special k Protein Cereal,121,14
1465,Original French Toast Sticks,52,1
1466,Blended Breakfast Strawberry+Banana+Chia+Ancient Grains Superfood Smoothie,31,7
1467,Mozzarella Ciliegine Fresh,21,16
1468,Organic Peeled & Cooked Beets,123,4
1469,Royal Blend Brown and Red Rice,63,9
1470,Elastic Bandage With Clips for Customized Compression,118,11
1471,Gluten Free Brown Rice Crust Duo Cheese Pizza,79,1
1472,Creamy with Wild Salmon & Whitefish Cat Food,41,8
1473,Soft Frosty Lemon Cookies,61,19
1474,"Wax Peppers, Sweet Banana",110,13
1475,Light Body Fabric Finish Ironing Spray,75,17
1476,Gummi Bears,45,19
1477,Wild Mushroom Cauliflower Hempseed Burgers,42,1
1478,Fat Free Ricotta Cheese,108,16
1479,Jalapeno Dip,67,20
1480,Ground Hazelnut Creme,88,13
1481,Santa Fe Style Salad Cafe Bowl,123,4
1482,Bath Tissue 1000 Sheets Per Roll,54,17
1483,Pimento Martini Olives,110,13
1484,Stool Softener & Stimulant Laxative Tablets,70,11
1485,Pop-Tarts Frosted Strawberry Toaster Pastries,48,14
1486,Xlear Flouride Free Peppermint Toothpaste,20,11
1487,Caesar Light Dressing,89,13
1488,Dried and Unsulfured Organic Pineapple,117,19
1489,Pimiento Stuffed Greek Olives,110,13
1490,Organic Unsweetened Dark Chocolate Baking Chips,17,13
1491,DailyAdvance Ultra Hydrating Lotion,127,11
1492,Chocolate Instant Pudding & Pie Filling,105,13
1493,Powder Bath With Hawaiian Kukui Oil Eucalyptus & Peppermint Scent,25,11
1494,Petite Diced Hot with Green Chilies Tomatoes,81,15
1495,Green Tea Triple Echinacea Tea Bags,94,7
1496,Age Defying Resveratrol Q10 Night Repair Cream,109,11
1497,Soft Caramels,45,19
1498,Creamy Chicken & Dumplings Soup,69,15
1499,Black Olive Spread,88,13
1500,All Natural Chives,104,13
1501,Mexican Blend,104,13
1502,Acai Berry Lip Balm,132,11
1503,Low Fat Cottage Cheese,108,16
1504,Goat Milk Cheese,21,16
1505,Zero Calorie Fruit Punch Sports Drink,64,7
1506,Sliced Baby Bellas Mushrooms,123,4
1507,Positively Radiant Brightening Cleanser,73,11
1508,Simply Delicious Gluten-Free Blissfully Berry Cereal,121,14
1509,"Nibblers, Mini-Ears of Extra Sweet Corn-on-the-Cob",116,1
1510,Movie Theater Butter Flavored Popcorn,23,19
1511,2% Reduced Fat DHA Omega-3 Reduced Fat Milk,84,16
1512,Berry Flavor Children's Ibuprofen,11,11
1513,Quick-Tie Strong Large 30 Gallon Trash Bags,60,17
1514,Cracklin' Oat Bran Cereal,121,14
1515,"Preserves, Red Raspberry",88,13
1516,Organic Acai Berry Smoothie Packs,116,1
1517,IncrediBites for Small Dogs With Real Beef Dog Food,40,8
1518,Greens & Apple Organic Juice Blend,31,7
1519,Thin Pizza Crust,105,13
1520,"Rice Wine Vinegar, Seasoned",19,13
1521,10 Grams Protein Cranberry Almond Instant Oatmeal,130,14
1522,Steamers Cauliflower & Cheese Sauce,116,1
1523,Organic Yellow Seed Mustard,104,13
1524,Kettle Corn Popcorn,23,19
1525,Borax All Natural Detergent Booster & Multi-Purpose Household Cleaner,75,17
1526,60% Dark Stone Ground Chocolate,45,19
1527,Gourmet Half And Half,53,16
1528,Sprinkles Decors,97,13
1529,"Parsley, Italian (Flat), New England Grown",16,4
1530,Sage Honey,29,13
1531,Air Effects Air Refresher Gain Moonlight Breeze,114,17
1532,Deluxe Macaroni & Cheese Dinner,131,9
1533,Organic 100% Juice Variety,98,7
1534,10 Calorie Ginger Ale,77,7
1535,Oxy Plus Power Degreaser Concentrated Dish Liquid,74,17
1536,Flaked Tuna Feast Cat Food,41,8
1537,Zip'n'Steam Medium Cooking Bags,85,17
1538,Condensed Tomato Soup,69,15
1539,Cauliflower head,83,4
1540,Organic Southwest Taco Seasoning,30,6
1541,Jumbo Grade A Eggs,86,16
1542,Mini Crispy Crabless Cakes,34,1
1543,Sliced Ripe Olives,110,13
1544,Active Hydrating Facial Moisturizer,73,11
1545,"Healthy Grains Granola Bar, Vanilla Blueberry",3,19
1546,Deluxe Red Raspberry Fruit Spread,88,13
1547,Cookie Bites Chocolate Chip Cookies,61,19
1548,Organic Vanilla Soy Milk,100,21
1549,Fragrance Free Original For Dry & Sensitive Skin Lotion,127,11
1550,Mini Slant Pocket Tweezer,132,11
1551,Nutri Grain Apple Cinnamon Harvest Bars,48,14
1552,Nibs Cherry Candy,45,19
1553,Seriously Sharp Cheddar Cheese Block,21,16
1554,Salt Free Taco Seasoning Mix,5,13
1555,Pierogi Potato & Cheddar,129,1
1556,Wild Rice,63,9
1557,Lite Blue Cheese Dressing,89,13
1558,Beef Empanadas,13,20
1559,Cherry Pomegranate Greek Yogurt,120,16
1560,Bag Of Ice,37,1
1561,Original Shreds,21,16
1562,Yellow Easter Basket Cakes,100,21
1563,Hawaiian Breeze Aerosol Spray,101,17
1564,Tomato Puree with Basil,9,9
1565,Klondike Petite Potatoes,123,4
1566,Forty Spices Hummus,67,20
1567,FreshMatic Ultra Fresh Waters Automatic  Spray Refill,101,17
1568,Carpet Stain Eraser,114,17
1569,Cold Shredded Chicken,13,20
1570,Ranch Broccoli,116,1
1571,Trading Company All Natural Black Bean Spicy Dip,51,13
1572,Kids Purely Fun Detangler,22,11
1573,Ultra Thin Regular Wrapped,126,11
1574,Pepperoni Pizza Pockets,79,1
1575,"Melba Toast, Classic",78,19
1576,Cafe Domingo Coffee K-Cups,26,7
1577,Unsweetened Whole Milk Peach Greek Yogurt,120,16
1578,Apple Jacks Cereal,121,14
1579,Sauce Oyster,66,6
1580,High Performance Odor Elimination Power Rush  Clear Gel,80,11
1581,Iced Tea with Lemon Flavor,94,7
1582,Turkey Pepperoni Slices,96,20
1583,Complete Original Pancake & Waffle Mix,130,14
1584,80 Calories & Delightful Wheat Hamburger Buns,43,3
1585,Organic Poultry Seasoning,104,13
1586,Brilliant Brunette Moisturizing Conditioner,22,11
1587,S.O.S Steal Wool Soap,114,17
1588,7 Ancient Grains with Hint of Sea Salt Crackers,78,19
1589,100% Organic Hemp Seed Oil,47,11
1590,Hershey Dark Chocolate Pretzel Dips,107,19
1591,Redness Relief Cooling Eye Drops,44,11
1592,Daily Moisture Conditioner,22,11
1593,Scotch Reserve Scottish Smoked Salmon,39,12
1594,Cheddar Bacon Mac & Cheese Flavored Potato Chips,107,19
1595,Tradtional Hot Chocolate Mix,90,7
1596,Anti Microbial Cotton Swabs,44,11
1597,"Soy Sauce, Tamari, Organic, Gluten-Free, Less Sodium",66,6
1598,"Maple Syrup, Organic",29,13
1599,Cottonelle Fresh Care Flushable Cleansing Cloths,54,17
1600,Mediterranean Orzo Salad,1,20
1601,Loofah Body Scrubber,25,11
1602,Death By Lavender Deodorant,80,11
1603,Chocolate Fudge Ice Cream Bars,37,1
1604,Harmony Travel Tin Candle Pure Lavender,101,17
1605,Candy Dish Chocolate Assortment Candy Miniatures,45,19
1606,"Yogurt, Coconut Non-Dairy, Low Fat, Blueberry",120,16
1607,English Peas Pack,123,4
1608,Disney Frozen Graham Crackers,61,19
1609,"Egg, Uncured Bacon & Cheese Scramble Cups",38,1
1610,S'mores Soft Baked Bars,61,19
1611,Rice Vinegar 100% Natural,19,13
1612,"Everything Bagel,kattle Boiled & Hearth Baked Slice",93,3
1613,Lavender Mint Deodorant,80,11
1614,Nibblers Corn on the Cob,116,1
1615,Organic Light Sodium Creamy Sweet Potato Soup,69,15
1616,Simply Granola,57,14
1617,Miracle 360Â°  Trainer Cup,82,18
1618,"Lasagna, Vegetable, with Daiya Cheeze",38,1
1619,Lavender Seaweed Bath,25,11
1620,Glazed Turkey Tenderloins,38,1
1621,Organic Vitality Snack Chia Squeeze Strawberry Banana,117,19
1622,11.5OZ PECAN COFFEE CK,119,1
1623,Hot Nacho Sliced Jalapenos,81,15
1624,Chocolate Cookies,61,19
1625,Wild Alaskan Fish Oil 1000mg,47,11
1626,Extra Virgin Sesame Cold Pressed Oil,19,13
1627,Natural Odor Eliminating Air Freshener Lemon Raspberry,101,17
1628,Orange Blossom Water,115,7
1629,Migraine Caplets,133,11
1630,Organic Chocolate & Cashew Live Food Bar,3,19
1631,White Vinegar,19,13
1632,"Skin Gel, Unscented",118,11
1633,"Pancake & Waffle Mix, Almond Flour",130,14
1634,One Top Tomato Pizza Sauce,81,15
1635,Whole Cashews,117,19
1636,Alive! Once Daily Multi Vitamin tablet,47,11
1637,Turmeric Standardized 95% Curcuminoids Tablets - 60 CT,47,11
1638,Teriyaki Chicken Flavor Chow Mein Noodles,4,9
1639,Green Machine,31,7
1640,Beyond Beef Fiesty Crumble,42,1
1641,Titanium Smooth Razors,55,11
1642,Slow Kettle Southwest-Style Chicken Chili with Beans Soup,69,15
1643,French Feta,21,16
1644,Minis Size Chocolate Candy Bars Variety Mix,45,19
1645,Creamed Corn,13,20
1646,Smoked Ham Style Deli Slices,14,20
1647,All-Natural Spice Rub Chicken,5,13
1648,Chocolate Chip 1.4 oz Packs Cookies,61,19
1649,Pretzel Snaps Bonus Bag,107,19
1650,Simply Sensitive Cleansing Cloths,126,11
1651,Go Bites Chocolate Graham Crackers,78,19
1652,Marinara with Burgundy Wine,9,9
1653,Organic Nibbly Fingers Stage 3 Bananas & Raisins,92,18
1654,Black Truffle,45,19
1655,Moderate Absorbency for Women  Underwear Large,6,2
1656,Gentle Cleansing Milk,73,11
1657,Kale & Quinoa Bites,50,19
1658,"Double Superfine Mustard Powder, Original English",104,13
1659,Foil Baking Cups,85,17
1660,Zinc Sunstick Spf30 - Coconut,25,11
1661,Diced Peaches in Light Syrup Fruit Cups,99,15
1662,Freshmatic Ultra Familiar Favorites Snuggle Fresh Linen Fragrance Automatic Spray Refill,101,17
1663,Sausage Supreme Pizza with Fire Roasted Vegetables,79,1
1664,Panama Extra Dark Chocolate,45,19
1665,Low Sodium Veggie Natural Bouillon Cubes,69,15
1666,100% Whole Grain Stone Ground Soy Flour,97,13
1667,Refresh and Revive Dry Shampoo,22,11
1668,Coconut & Pear Lip Balm,109,11
1669,Simply Sea Salted Multigrain Snacks,107,19
1670,"Dog Food, Adult, Lamb & Rice",40,8
1671,Daily Multi-Purpose Mini Cups with Lids,111,17
1672,English Cucumbers,32,4
1673,Free Ride Hibiscus Brew Craft Brewed Kombucha,94,7
1674,Moose Tracks Ice Cream,37,1
1675,Thera Zinc Spray,47,11
1676,Organic Raisin + Prune Baby Brekkie,92,18
1677,Restorative Conditioner,22,11
1678,French Lavender Body Lotion,25,11
1679,Ultra Thin Crust Cheese Supreme Pizza,79,1
1680,Men+Care Thickening Fortifying Shampoo,22,11
1681,Premium Cut Green Beans,81,15
1682,Pink Moscato,6,2
1683,Toddler Chewable Children's Tablets Multivitamin Supplement,47,11
1684,Stove Top Everyday Chicken Stuffing Mix,4,9
1685,Clean Care 1-Ply Double Rolls Toilet Paper,54,17
1686,Thai Style Spring Rolls with Sweet & Sour Sauce,129,1
1687,Iodized Salt & Pepper Set,104,13
1688,Sea Salted Reduced Fat Potato Chips,107,19
1689,15 Grain Whole Grain Bread,112,3
1690,Platinum Merlot,28,5
1691,Choice Cuts In Gravy W/Beef Wet Dog Food,40,8
1692,Organic Fair Trade 73% Dark Chocolate Bar,45,19
1693,Natural Blue Eucalyptus & Lavender 42 Loads Liquid Fabric Softener,75,17
1694,Chunky Chocolate Chip Cookies,61,19
1695,Major Dickason's Blend Ground Coffee Dark Roast,26,7
1696,Honey Oat,93,3
1697,Clean Breezeâ„¢ Fabric Softener Dryer sheets 105 count  Fabric Enhancers,75,17
1698,Chick Pea Salad,67,20
1699,Jumilla Red Wine,28,5
1700,White Cheddar Popcorn,23,19
1701,Blarney Castle Smooth & Mild Gouda Style Cheese,2,16
1702,Original Coconut Milk,91,16
1703,Umeboshi Paste,66,6
1704,100% Pure U.S. Honey,29,13
1705,Disney Frozen Fruit Flavored Snacks,50,19
1706,Reduced Sodium Worcestershire Sauce,72,13
1707,3D White Foaming Clean Whitening Toothpaste,20,11
1708,Dish Washer Liquid Detergent,114,17
1709,Done Baby Wipes Cumber & Green Tea,56,18
1710,Kombucha Gingerade,31,7
1711,Beef Bulgogi With Brown Rice,38,1
1712,Pomegranate Blueberry Pistachio Plus Antioxidants Fruit & Nut Bar,3,19
1713,100% Plant Protein Beastley Sliders,42,1
1714,100% Cotton Swabs,132,11
1715,Organic Honey Balsamic Dressing & Marinade,100,21
1716,Baby Dry Pampers Baby Dry Diapers Size 5 78 Count Diapers,56,18
1717,Very Dry Sherry,28,5
1718,Broccoli Rabe Rapini Bag,100,21
1719,Organic Ground Mustard Seed,104,13
1720,100% Pure Ginger Oil,25,11
1721,Mirabelle Preserves Golden Plum,88,13
1722,Fresh French Lavender Body Bar Soap,25,11
1723,Lowfat 2% Milkfat Russian Yogurt,120,16
1724,Coconut Lime Frozen Pop Dairy Free Gluten Free,6,2
1725,Fix It Hot Or Mild Chili Kit,5,13
1726,Fluoride Rinse - Mint,20,11
1727,Poultry Variety Pack Cat Food,41,8
1728,Organic Whole Wheat Stoneground Flakes Cereal,121,14
1729,2% Lactose Free Milk,84,16
1730,Dark Chocolate Layer Cake Mix,105,13
1731,Terra Dolce Chiles Anchos,50,19
1732,Organic Peach Pear Blueberry Apple Avocado,92,18
1733,Mild Pineapple Salsa,30,6
1734,"Diced Tomatoes with Chilies, Onion & Cilantro",81,15
1735,Culinary Collection Monterey Jack Jalapeno Stuffed Pretzels,129,1
1736,"Melatonin, Fast Dissolve, 5 mg, Tablets, Natural Strawberry Flavor & Sweeteners",6,2
1737,Popcorn Shrimp Oven Crispy,129,1
1738,Johnson's White Baby Powder with Cornstarch,102,18
1739,Anaheim Peppers,83,4
1740,Hawaiian Breeze Air Freshener Candle,101,17
1741,Shea Butter,127,11
1742,Onion Crispbread,100,21
1743,Super Scoop Clumping Fragrance Free Cat Litter,41,8
1744,Mint Chocolate Chip Protein Bar,3,19
1745,30 minute Marinade Honey Teriyaki,5,13
1746,3 Oz Plastic Bathroom Cups,111,17
1747,Teriyaki Beef Jerky,23,19
1748,Pasta Pick-ups - Cheese Ravioli,92,18
1749,Organic Letter of the Day Oatmeal Cinnamon Cookies,92,18
1750,Simply Pure Hazelnut Coffee Creamer,53,16
1751,Organic Orange Juice Concentrate,113,1
1752,Mango Sorbet,37,1
1753,Water Flosser Cordless,20,11
1754,Folic Acid 400 Mcg,47,11
1755,Dark Morning Joe Ground Coffee,26,7
1756,Hawaiian Dinner Rolls,43,3
1757,Organic Cashew Carrot Ginger Soup,69,15
1758,Organic Clover Blossom Honey,29,13
1759,Green Tea With Peach Tea Bags,94,7
1760,Whole Wheat 100% Stone Ground Bread,112,3
1761,Dry Gerwurztraminer,62,5
1762,Homestyle Creamy Butter Instant Mashed Potatoes,4,9
1763,Toasted Cheddar Ritz Chips,107,19
1764,Unscented Body Soap,127,11
1765,Reduced Sodium Beef Style Broth Concentrate,69,15
1766,Maximum Strength Acid Reducer Cool Mint Tablets,70,11
1767,Green with Citrus,94,7
1768,Mango Lime Salsa,51,13
1769,Walnut Spray Oil,19,13
1770,Dark Chocolate Mint Candy,45,19
1771,Pastry Variety Pack,8,3
1772,Pomegranate Mineral Deodorant Roll-On,80,11
1773,Whole Grain Extra Broad Noodles,131,9
1774,Butter Pecan Ice Cream,37,1
1775,Caramel Macchiato Creamer,53,16
1776,Thin & Crispy Margherita Frozen Pizza,79,1
1777,Home Menu Beef with Broccoli,38,1
1778,Pull-Ups Nightâ€‘Time Training Pants 2Tâ€‘3T,56,18
1779,"Jam, Fig & Ginger",88,13
1780,Maximum Absorbency Regular Length Incontinence Pads,126,11
1781,"Highlighting Conditioner, Henna Gold",22,11
1782,Dark & Mint Filled Chocolate Squares,45,19
1783,Organic French Vanilla Almond Granola,57,14
1784,NUTrition Protein Mix Blueberry Nut,117,19
1785,No Sugar Added Apple Butter,88,13
1786,Cafe Carmelita Medium Roast Organic Coffee Beans,26,7
1787,Thin Rice Noodles,66,6
1788,Sugar Free Raspberry Preserves Sweetened with Splenda,88,13
1789,Fruit Stem Cell Revitalize Serum,73,11
1790,White Chocolate Peppermint,45,19
1791,Sliced In Escabeche Jalapenos,30,6
1792,Jarlsberg Cheese,21,16
1793,"Citrus Beverage, Sparkling, with Natural Pulp",77,7
1794,Vanilla  Almond Milk,91,16
1795,Hot Roasted Green Salsa,67,20
1796,Croissant,93,3
1797,Antibacterial Soap Beige,127,11
1798,Paso Robles Cabernet Sauvignon,100,21
1799,Madagascar Vanilla Gelato Bars,37,1
1800,3F Mixed Carrots Corn & Butternut Squash with Lil' Bits Purees Vegetable,92,18
1801,Pomegranate Blueberry Pistachio Plus Antioxidants 1.4 oz Fruit & Nut Bars,3,19
1802,Vitamin C-500 mg Tablets,47,11
1803,Original Bagel Crisps Roasted Garlic,107,19
1804,Baked White Cheddar Cheese Puffs,107,19
1805,Organic Lemon Agave Ginger Super Juice,98,7
1806,Strawberry Unsweetened Soft Drink Mix,90,7
1807,Celery Seed,104,13
1808,Champagne,134,5
1809,Slow Kettle Style Santa Fe Chicken Enchilada Soup With White Meat Chicken,69,15
1810,Selected Italian Plum Tomatoes,81,15
1811,Soft Honey Whole Wheat Bread,112,3
1812,Sourdough Tomato Basil Cracker,78,19
1813,Sodel Alm Mlk Wlnut 48,91,16
1814,Austin's Own Goodflow Honey Green Tea,94,7
1815,Parmigiano Reggiano Breadsticks,21,16
1816,Outrageous Ginger Ale,77,7
1817,Whole Grain Breaded Chicken Breast Chunks,34,1
1818,Creamy Coconut & Peanut Spread,88,13
1819,All Natural No Stir Creamy Almond Butter,88,13
1820,Organic Fusilli No. 34,131,9
1821,Tropical Coconut Shampoo,22,11
1822,Chocolate Mint Ganache Ice Cream Cones,37,1
1823,Soft Eating Strawberry Flavored Licorice,45,19
1824,"Frozen Desserts, Cookies and Cream",37,1
1825,Via Instant Ready Brew Pike Place Coffee,26,7
1826,Spicy Jalapeno Cream Cheese Spread,108,16
1827,Yams Cut Sweet Potatoes in Syrup,81,15
1828,Organic Black Rice Noodles,66,6
1829,Mint 72% Raw Cacao Chocolate Bar,45,19
1830,Organic Almond Extract,17,13
1831,Peach-Pear Sparkling Water,115,7
1832,Moisture Milks Strawberries & Cream Moisturizing Conditioner,22,11
1833,Zen Party Mix,6,2
1834,Three Cheese Pasta Sauce,9,9
1835,Caffeine Free Diet,77,7
1836,Organic Steamable Mixed Vegetables,116,1
1837,Original Low Pulp Orange Juice,31,7
1838,All Natural Noodles,131,9
1839,Deep Cleansing Toner Sensitive Skin Essentials Step 2,73,11
1840,6-18 Months Natural Shape Orthodontic Silicone Pacifier,82,18
1841,Raw Cacao Powder,17,13
1842,Natural Free & Clear 70 Loads Laundry Detergent,75,17
1843,Italian Meat Sauce,9,9
1844,Tropical Pineapple Yogurt Alternative,120,16
1845,Seedless Blackberry Jam,88,13
1846,BoomChocoBoom Gluten Free Ricemilk Crunch Bar,45,19
1847,Fondant & Icing,97,13
1848,Rockin' Raspberry 3.1 Fl Oz,120,16
1849,Ultra Fine Mist Aerosol Hairspray,22,11
1850,Lasagna Bake with Meat Sauce,38,1
1851,Mozzarella & Cheddar Cheese Twists Natural Cheese Snacks,21,16
1852,Chef Blends Shredded 4 State Cheddar Cheese,21,16
1853,"Fabric Softener Dryer Sheets, Outdoor Fresh scent",75,17
1854,Pineapple Slices In Heavy Syrup,99,15
1855,"1% Hydrocortisone Anti-Itch Cream, Tube Anti-Itch",118,11
1856,HPA Lanolin,82,18
1857,Melon Liqueur,124,5
1858,Toilet Bowl Cleaner Manual Fresh Scent,114,17
1859,Chocolate Covered Peanuts,100,21
1860,Invisible Solid Powder Fresh Antiperspirant/Deodorant,80,11
1861,Sugar Ginger Snaps,61,19
1862,Tuna Fillets in Olive Oil,95,15
1863,Sparkling Lemon Ginger Black Tea,94,7
1864,Mini Crunchy Vanilla Cookies,61,19
1865,"Cookies, Ginger Snap",61,19
1866,Organics Hawaiian Coconut Milk Facial Wash,109,11
1867,9' Indoor White Extension Cord,87,17
1868,Hearty Meals Beef Stew,59,15
1869,Morning Sun Fabric Softener,75,17
1870,Chipotle Black Bean Burger,34,1
1871,Fish Sticks,129,1
1872,Chewy Sandwich Peanut Butter & Chocolate Chip Granola Bars,45,19
1873,Chocolate Protein Plus Smoothie,31,7
1874,Men+Care Clean Comfort Dry Spray Antiperspirant,80,11
1875,To Go Creamy Peanut Butter Cups,88,13
1876,"Black Pepper, Medium Grind",104,13
1877,"Juice Blend, Mega Antioxidant",98,7
1878,"Peanut Butter, Creamy, No Salt Added",88,13
1879,Seedlander Crispbreads,128,3
1880,Olive Oil Rosemary Kettle Chips,107,19
1881,Italian Style Meat Trio Pizza,79,1
1882,Apricot Satin Shower Body Wash,25,11
1883,Gelatin Free Snacks Natural Orange Gels,99,15
1884,Immune Support Supplement Vitamin C Citrus,11,11
1885,Gallon Storage Twist & Tie Bags,85,17
1886,Sinusalia Sinus Relief,11,11
1887,Fresh Cut Blue Lake French Style Green Beans,81,15
1888,Reduced Sugar Dried Cranberries,50,19
1889,Chunky Hearty Beef Noodle Soup,69,15
1890,Organic Large Grade A Eggs,86,16
1891,Instant Coffee,26,7
1892,Baby's Vitamin D3,6,2
1893,Chamomile Extract,47,11
1894,Gluten Free Arrowroot Cookies,61,19
1895,Orange Air Neutralizer,114,17
1896,Organic Sensible Sipper Apple Juice,98,7
1897,Yukon Gold Potatoes Bag,83,4
1898,Organic Sweet Tea,94,7
1899,Mini Carrots Bunch,83,4
1900,Bath Laponge,127,11
1901,Meringue Powder,17,13
1902,Cookie Core Boom Chocolatta! Ice Cream,37,1
1903,Chicken Noodle with Vegetables Soup,69,15
1904,4 Pull-Apart Dipping Strips Pepperoni with Marinara Dipping Sauce Packet,79,1
1905,Worcestershire Sauce,72,13
1906,"Toothpaste, Fluoride-Free, Propolis & Myrrh, Fennel",20,11
1907,Kiwi Spinach Peas & Green Apple,92,18
1908,Greek Blended Cherry Fat Free Yogurt,120,16
1909,Gluten Free Pasta Penne Rigate,131,9
1910,Feria Multi-Faceted Shimmering Color - 40 Deeply Brown,22,11
1911,Peanut Butter Chocolate Chip Cookie Dough,105,13
1912,Butter Pecan Super Moist Cake Mix,105,13
1913,Organic 100% Whole Wheat Chiocciole,131,9
1914,"Original Habanero Pepper Sauce, XXXTra Hot Sauce",72,13
1915,Honey Pear Yogurt,120,16
1916,Merlot Wine,28,5
1917,Citrus Grove Vitamin C Drops,45,19
1918,Original Medium Roast Coffee,26,7
1919,Diet Mountain Zevia Soda,77,7
1920,Platanos Maduros Ripe Plantains,129,1
1921,Organic Montebello Farfalle Italian Pasta,131,9
1922,Organic Super Hemp Hummus,67,20
1923,Frozen Organic Red Raspberries,116,1
1924,Long Grain Rice,63,9
1925,Root Veggie Burger,42,1
1926,2 In 1 Super Foam & Scrub Sponges,87,17
1927,Cool Brew Peach Black Iced Tea,94,7
1928,Organic Raw Cashew Butter,51,13
1929,"Zucchini Squash, Baby Courgette",123,4
1930,Chili & Lime All Natural Cantina Chips Organic,107,19
1931,Happy Birthday Candles,97,13
1932,Soy Chorizo Vegetarian,106,12
1933,Designer Bowl Brush & Caddy,114,17
1934,Cheese Shredded Mozzarella Reduced Fat 2%,21,16
1935,Whole Wheat Cookies Dark Chocolate,61,19
1936,"Diet Tangerine Lime Premium Soda, Zero Calories, Sugar Free, No Caffeine",77,7
1937,Red Velvet Cake Slice,8,3
1938,Beef Stew Meat,122,12
1939,Geranium Liquid Dish Soap,74,17
1940,Organic 2% Reduced Fat Milk,84,16
1941,Sea Salt And Vinegar Roasted Corn,107,19
1942,Aged White Wine Vinegar,19,13
1943,Mango Premium Nectar,31,7
1944,Natural Choice Uncured Hard Salami Gluten Free,106,12
1945,BBQ Spiced Molasses,72,13
1946,Natural Brown Cone Style Coffee Filters #4,26,7
1947,Tulips 10 Stem,87,17
1948,Strawberry Twist Juice Drink,98,7
1949,Amish Blue Cheese Wedge,21,16
1950,Low Sugar Strawberry Preserves,88,13
1951,La Cubana Meal,13,20
1952,Pure Leaf Tea Unsweetened,94,7
1953,Crispy Onions Garlic Pepper,89,13
1954,Goat Cheese Pyramid,2,16
1955,12 Ounce Plastic Bowls,111,17
1956,Scallions,83,4
1957,Fabric Softener Dryer Sheet Outdoor Fresh 160CT Fabric Enhancers,75,17
1958,Green Pepper Sauce,72,13
1959,Original Biscuits for Large sized Dogs,40,8
1960,Nonfat Light & Fit Blueberry Yogurt,120,16
1961,Kombucha Beet,100,21
1962,Chocolate Soy,91,16
1963,Organic Pregnancy Tea,94,7
1964,Lemon Pre-Moistened Wipes,114,17
1965,Classic Baked Snack Crackers,78,19
1966,Calcium 600mg + D3 Tablets,47,11
1967,Big Spray & Play Volumizing Hairspray,22,11
1968,Discreet Large Maximum Classic Cut Incontinence Underwear,126,11
1969,Plain Cream Cheese,108,16
1970,Chicken Enchiladas,38,1
1971,Plum Jasmine Water,115,7
1972,Havarti Cheese Dill,21,16
1973,King Size Milk Chocolate Candy,45,19
1974,Organic Yellow Mustard  Seed,104,13
1975,Hand Cream Fragrance Free Norwegian Formula,127,11
1976,Very emollient Mineral Sunscreen sport SPF 45,25,11
1977,Macrobar with Granola And Coconut,3,19
1978,Tender Favorites Tuna & Whole Shrimp Cat Food,41,8
1979,Pure Coconut Milk,66,6
1980,Oil-Free Acne Wash Daily Scrub Micro Clear,73,11
1981,Organic Red Roasted Peppers,81,15
1982,Steel Cut Quick Cook Oven Toasted Oats,130,14
1983,Pure Coconut Water with Tropical Fruit,98,7
1984,Splash Cooler,98,7
1985,Ready Crust Shortbread 9 Inch Pie Crust,97,13
1986,Steamers Healthy Vision Vegetable Blend,116,1
1987,Blackberry Lemonade,31,7
1988,Original Sparkling Spring Water,115,7
1989,Hard Candy Original Flavors Candy,45,19
1990,Mellowcreme Pumpkins Candy,45,19
1991,Organic Lemonade Fruit Juice Drink,98,7
1992,Beef (101445) Summer Sausage,106,12
1993,Cheesecake,8,3
1994,Organic Gluten Free Quinoa Spaghetti,131,9
1995,Gel Cleaner Bleach,114,17
1996,"Soda, Cucumber",77,7
1997,Moisturizing Shower Gel Vanilla,25,11
1998,Unsweet Peach Sparkling Water,115,7
1999,Organic Chicken Broth,69,15
2000,Premium White Chicken Breast Chunks,95,15
